{
    "MechTags": {
        "items": [
            "unit_mech",
            "unit_heavy", 
            "unit_range_long",
            "unit_speed_low",
            "unit_lance_tank",
            "unit_role_brawler",
            "unit_release",
			"unit_LosTech"
        ],
        "tagSetSourceFile": ""
    },
    "ChassisID": "chassisdef_marauder_MAD-5CS",
    "HeraldryID": null,
    "Description": {
        "Cost": 20245000,
        "Rarity": 5,
        "Purchasable": true,
        "Manufacturer": null,
        "Model": null,
        "UIName": "Marauder MAD-5CS",
        "Id": "mechdef_marauder_MAD-5CS",
        "Name": "Marauder",
        "Details": "Developed by ComStar for the Battle of Tukayyid, this Marauder variant is a fairly simplistic upgrade to allow MAD-3R pilots to readily adapt to. The MAD-5CS has an Magna Sunspot ER PPC and Aberdovey Medium Pulse Laser in each arm weapon pod while the class 5 autocannon is replaced by a Lubalin LB 10-X autocannon with two tons of ammunition. To make room for the new weapons and the eighteen double heat sinks, ComStar techs installed a Vlar 300 XL Engine from the Clanbuster cache.",
        "Icon": "uixTxrIcon_marauder"
    },
    "simGameMechPartCost": 2024500,
    "Version": 1,
    "Locations": [
        {
            "DamageLevel": "Functional",
            "Location": "Head",
            "CurrentArmor": 45,
            "CurrentRearArmor": -1,
            "CurrentInternalStructure": 16,
            "AssignedArmor": 45,
            "AssignedRearArmor": -1
        },
        {
            "DamageLevel": "Functional",
            "Location": "LeftArm",
            "CurrentArmor": 115,
            "CurrentRearArmor": -1,
            "CurrentInternalStructure": 60,
            "AssignedArmor": 115,
            "AssignedRearArmor": -1
        },
        {
            "DamageLevel": "Functional",
            "Location": "LeftTorso",
            "CurrentArmor": 115,
            "CurrentRearArmor": 35,
            "CurrentInternalStructure": 80,
            "AssignedArmor": 115,
            "AssignedRearArmor": 35
        },
        {
            "DamageLevel": "Functional",
            "Location": "CenterTorso",
            "CurrentArmor": 175,
            "CurrentRearArmor": 50,
            "CurrentInternalStructure": 115,
            "AssignedArmor": 175,
            "AssignedRearArmor": 50
        },
        {
            "DamageLevel": "Functional",
            "Location": "RightTorso",
            "CurrentArmor": 115,
            "CurrentRearArmor": 35,
            "CurrentInternalStructure": 80,
            "AssignedArmor": 115,
            "AssignedRearArmor": 35
        },
        {
            "DamageLevel": "Functional",
            "Location": "RightArm",
            "CurrentArmor": 115,
            "CurrentRearArmor": -1,
            "CurrentInternalStructure": 60,
            "AssignedArmor": 115,
            "AssignedRearArmor": -1
        },
        {
            "DamageLevel": "Functional",
            "Location": "LeftLeg",
            "CurrentArmor": 120,
            "CurrentRearArmor": -1,
            "CurrentInternalStructure": 80,
            "AssignedArmor": 120,
            "AssignedRearArmor": -1
        },
        {
            "DamageLevel": "Functional",
            "Location": "RightLeg",
            "CurrentArmor": 120,
            "CurrentRearArmor": -1,
            "CurrentInternalStructure": 80,
            "AssignedArmor": 120,
            "AssignedRearArmor": -1
        }
    ],
    "inventory": [
        {
            "MountedLocation": "LeftArm",
            "ComponentDefID": "Gear_HeatSink_Generic_Double",
            "SimGameUID": null,
            "ComponentDefType": "HeatSink",
            "HardpointSlot": -1,
            "GUID": null,
            "DamageLevel": "Functional",
            "prefabName": null,
            "hasPrefabName": false
        },
        {
            "MountedLocation": "LeftArm",
            "ComponentDefID": "Weapon_PPC_PPCER_NU_0-STOCK",
            "SimGameUID": null,
            "ComponentDefType": "Weapon",
            "HardpointSlot": 0,
            "GUID": null,
            "DamageLevel": "Functional",
            "prefabName": null,
            "hasPrefabName": false
        },
        {
            "MountedLocation": "LeftArm",
            "ComponentDefID": "Weapon_Laser_MediumLaserPulse_NU_0-STOCK",
            "SimGameUID": null,
            "ComponentDefType": "Weapon",
            "HardpointSlot": 0,
            "GUID": null,
            "DamageLevel": "Functional",
            "prefabName": null,
            "hasPrefabName": false
        },
        {
            "MountedLocation": "LeftTorso",
            "ComponentDefID": "Gear_HeatSink_Generic_Double",
            "SimGameUID": null,
            "ComponentDefType": "HeatSink",
            "HardpointSlot": -1,
            "GUID": null,
            "DamageLevel": "Functional",
            "prefabName": null,
            "hasPrefabName": false
        },
        {
            "MountedLocation": "LeftTorso",
            "ComponentDefID": "Gear_HeatSink_Generic_Double",
            "SimGameUID": null,
            "ComponentDefType": "HeatSink",
            "HardpointSlot": -1,
            "GUID": null,
            "DamageLevel": "Functional",
            "prefabName": null,
            "hasPrefabName": false
        },
        {
            "MountedLocation": "CenterTorso",
            "ComponentDefID": "Ammo_AmmunitionBox_Generic_LB10X",
            "SimGameUID": null,
            "ComponentDefType": "AmmunitionBox",
            "HardpointSlot": -1,
            "GUID": null,
            "DamageLevel": "Functional",
            "prefabName": null,
            "hasPrefabName": false
        },
        {
            "MountedLocation": "CenterTorso",
            "ComponentDefID": "Ammo_AmmunitionBox_Generic_AC10",
            "SimGameUID": null,
            "ComponentDefType": "AmmunitionBox",
            "HardpointSlot": -1,
            "GUID": null,
            "DamageLevel": "Functional",
            "prefabName": null,
            "hasPrefabName": false
        },
        {
            "MountedLocation": "RightTorso",
            "ComponentDefID": "Gear_HeatSink_Generic_Double",
            "SimGameUID": null,
            "ComponentDefType": "HeatSink",
            "HardpointSlot": -1,
            "GUID": null,
            "DamageLevel": "Functional",
            "prefabName": null,
            "hasPrefabName": false
        },
        {
            "MountedLocation": "RightTorso",
            "ComponentDefID": "Weapon_Autocannon_LB10X_NU_0-STOCK",
            "SimGameUID": null,
            "ComponentDefType": "Weapon",
            "HardpointSlot": 0,
            "GUID": null,
            "DamageLevel": "Functional",
            "prefabName": null,
            "hasPrefabName": false
        },
        {
            "MountedLocation": "RightArm",
            "ComponentDefID": "Gear_HeatSink_Generic_Double",
            "SimGameUID": null,
            "ComponentDefType": "HeatSink",
            "HardpointSlot": -1,
            "GUID": null,
            "DamageLevel": "Functional",
            "prefabName": null,
            "hasPrefabName": false
        },
        {
            "MountedLocation": "RightArm",
            "ComponentDefID": "Weapon_PPC_PPCER_NU_0-STOCK",
            "SimGameUID": null,
            "ComponentDefType": "Weapon",
            "HardpointSlot": 0,
            "GUID": null,
            "DamageLevel": "Functional",
            "prefabName": null,
            "hasPrefabName": false
        },
        {
            "MountedLocation": "RightArm",
            "ComponentDefID": "Weapon_Laser_MediumLaserPulse_NU_0-STOCK",
            "SimGameUID": null,
            "ComponentDefType": "Weapon",
            "HardpointSlot": 1,
            "GUID": null,
            "DamageLevel": "Functional",
            "prefabName": null,
            "hasPrefabName": false
        }
    ]
}