{
    "Category" : "Missile",
    "Type" : "LRM",
    "WeaponSubType" : "LRM15",
    "MinRange" : 180,
    "MaxRange" : 630,
    "RangeSplit" : [
        420,
        420,
        630
    ],
    "AmmoCategory" : "LRM",
    "StartingAmmoCapacity" : 0,
    "HeatGenerated" : 16,
    "Damage" : 4,
    "OverheatedDamageMultiplier" : 0,
    "EvasiveDamageMultiplier" : 0,
    "EvasivePipsIgnored" : 0,
    "DamageVariance" : 0,
    "HeatDamage" : 0,
    "AccuracyModifier" : -1,
    "CriticalChanceMultiplier" : 1,
    "AOECapable" : false,
    "IndirectFireCapable" : true,
    "RefireModifier" : 0,
    "ShotsWhenFired" : 15,
    "ProjectilesPerShot" : 1,
    "AttackRecoil" : 1,
    "Instability" : 2,
    "WeaponEffectID" : "WeaponEffect-Weapon_LRM15",
    "Description" : {
        "Cost" : 390000,
        "Rarity" : 3,
        "Purchasable" : true,
        "Manufacturer" : "Delta",
        "Model" : "Long-Range Missile Launcher",
        "UIName" : "Artemis IV LRM15 + + +",
        "Id" : "Weapon_LRM_ALRM15_3-Delta",
        "Name" : "Artemis IV LRM15 + + +",
        "Details" : "LRM15 Long-Range Missile racks deal substantial damage and stability impact over distance, often found in pairs on indirect-fire support units. Like all LRMs, LRM15s are capable of indirect fire over obstacles and terrain with the benefit of a spotter unit. Artemis IV FCS is a guidance system that utilizes an infrared laser designator and tight-beam microwave transmitter which improves the grouping of LRMs.",
        "Icon" : "uixSvgIcon_weapon_Missile"
    },
    "BonusValueA" : "- 1 Slot",
    "BonusValueB" : "",
    "ComponentType" : "Weapon",
    "ComponentSubType" : "Weapon",
    "PrefabIdentifier" : "lrm15",
    "BattleValue" : 0,
    "InventorySize" : 3,
    "Tonnage" : 8,
    "AllowedLocations" : "All",
    "DisallowedLocations" : "All",
    "CriticalComponent" : false,
    "statusEffects" : [
        
    ],
    "ComponentTags" : {
        "items" : [
            "component_type_variant",
            "component_type_variant3",
            "component_type_lostech",
            "range_extreme",
            "component_artemis"
        ],
        "tagSetSourceFile" : ""
    }
}
