{
  "Description": {
    "Cost": 13730000,
    "Rarity": 5,
    "Purchasable": true,
    "Manufacturer": "",
    "Model": "",
    "UIName": "Warhammer",
    "Id": "chassisdef_warhammer_WHM-7CS",
    "Name": "Warhammer",
    "Details": "This variant was developed by ComStar to more easily traverse the difficult terrain and engage in the ambush tactics intended for the Battle of Tukayyid. The PPCs are replaced by Fusigon Longtooth extended range models and the heat sinks are traded for double strength models. The secondary weapons of the WHM-6R are removed. Two Martel Medium Lasers are in each side torso, and the SRM-6 has been replaced by three Hovertec Streak SRM-2 launchers. A ton of Streak ammo is carried in the CASE-protected right torso. Finally four Leviathon Plus jump jets are installed in the legs, allowing this Warhammer to quickly reposition itself within 120 meters. To make room for all these modifications, the WHM-7CS uses an Vox 280 XL Engine.",
    "Icon": "uixTxrIcon_warhammer"
  },
  "MovementCapDefID": "movedef_warhammer_WHM-6R",
  "PathingCapDefID": "pathingdef_heavy",
  "HardpointDataDefID": "hardpointdatadef_warhammer",
  "PrefabIdentifier": "chrPrfMech_warhammerBase-001",
  "PrefabBase": "warhammer",
  "Tonnage": 70,
  "InitialTonnage": 24.5,
  "weightClass": "HEAVY",
  "BattleValue": 6577000,
  "Heatsinks": 28,
  "TopSpeed": 120,
  "TurnRadius": 90,
  "MaxJumpjets": 4,
  "Stability": 200,
  "StabilityDefenses": [
    0,
    0,
    0,
    0,
    0,
    0
  ],
  "SpotterDistanceMultiplier": 1,
  "VisibilityMultiplier": 1,
  "SensorRangeMultiplier": 1,
  "Signature": 0,
  "Radius": 8,
  "PunchesWithLeftArm": false,
  "MeleeDamage": 65,
  "MeleeInstability": 70,
  "MeleeToHitModifier": 0,
  "DFADamage": 90,
  "DFAToHitModifier": 0,
  "DFASelfDamage": 90,
  "DFAInstability": 90,
  "Locations": [
    {
      "Location": "Head",
      "Hardpoints": [],
      "Tonnage": 0,
      "InventorySlots": 1,
      "MaxArmor": 45,
      "MaxRearArmor": -1,
      "InternalStructure": 16
    },
    {
      "Location": "LeftArm",
      "Hardpoints": [
        {
          "WeaponMount": "Energy",
          "Omni": false
        }
      ],
      "Tonnage": 0,
      "InventorySlots": 8,
      "MaxArmor": 110,
      "MaxRearArmor": -1,
      "InternalStructure": 55
    },
    {
      "Location": "LeftTorso",
      "Hardpoints": [
        {
          "WeaponMount": "Energy",
          "Omni": false
        },
        {
          "WeaponMount": "Energy",
          "Omni": false
        }
      ],
      "Tonnage": 0,
      "InventorySlots": 10,
      "MaxArmor": 150,
      "MaxRearArmor": 75,
      "InternalStructure": 75
    },
    {
      "Location": "CenterTorso",
      "Hardpoints": [],
      "Tonnage": 0,
      "InventorySlots": 4,
      "MaxArmor": 220,
      "MaxRearArmor": 110,
      "InternalStructure": 110
    },
    {
      "Location": "RightTorso",
      "Hardpoints": [
        {
          "WeaponMount": "Energy",
          "Omni": false
        },
        {
          "WeaponMount": "Energy",
          "Omni": false
        },
        {
          "WeaponMount": "Missile",
          "Omni": false
        },
        {
          "WeaponMount": "Missile",
          "Omni": false
        },
        {
          "WeaponMount": "Missile",
          "Omni": false
        }
      ],
      "Tonnage": 0,
      "InventorySlots": 10,
      "MaxArmor": 150,
      "MaxRearArmor": 75,
      "InternalStructure": 75
    },
    {
      "Location": "RightArm",
      "Hardpoints": [
        {
          "WeaponMount": "Energy",
          "Omni": false
        }
      ],
      "Tonnage": 0,
      "InventorySlots": 8,
      "MaxArmor": 110,
      "MaxRearArmor": -1,
      "InternalStructure": 55
    },
    {
      "Location": "LeftLeg",
      "Hardpoints": [],
      "Tonnage": 0,
      "InventorySlots": 4,
      "MaxArmor": 150,
      "MaxRearArmor": -1,
      "InternalStructure": 75
    },
    {
      "Location": "RightLeg",
      "Hardpoints": [],
      "Tonnage": 0,
      "InventorySlots": 4,
      "MaxArmor": 150,
      "MaxRearArmor": -1,
      "InternalStructure": 75
    }
  ],
  "LOSSourcePositions": [
    {
      "x": 0,
      "y": 15,
      "z": 1
    },
    {
      "x": 4,
      "y": 14,
      "z": 0
    },
    {
      "x": -4,
      "y": 14,
      "z": 0
    }
  ],
  "LOSTargetPositions": [
    {
      "x": 0,
      "y": 15,
      "z": 1
    },
    {
      "x": 4,
      "y": 14,
      "z": 0
    },
    {
      "x": -4,
      "y": 14,
      "z": 0
    },
    {
      "x": 2.5,
      "y": 5,
      "z": 1
    },
    {
      "x": -2.5,
      "y": 5,
      "z": 1
    }
  ],
  "VariantName": "WHM-7CS",
  "ChassisTags": {
    "items": [
      "chassis_DHS",
      "mech_case_right",
      "mech_quirk_rugged2",
      "mech_quirk_searchlight_LT",
      "mech_quirk_stable"
    ],
    "tagSetSourceFile": ""
  },
  "StockRole": "Brawler",
  "YangsThoughts": "'Mechs of this model were used by ComStar in the Battle of Tukayyid. Technically, this is a refit of the WHM-6R: both PPCs were replaced with extended range models, one more Medium Laser was added to each side torso, the SRM-6 launcher was changed to three Streak SRM-2s with a CASE-protected ammunition rack, and the auxiliary weapon was dismantled. The engine was replaced with a Vox 280 XL and the cooling system was redesigned for seventeen double heat sinks. By the way, jump jets were also installed on it, and all this splendor is protected by fourteen tons of standard armor. Really nice 'Mech.",
  "FixedEquipment": [
    {
      "MountedLocation": "LeftTorso",
      "ComponentDefID": "Gear_XL_Engine",
      "SimGameUID": "",
      "ComponentDefType": "Upgrade",
      "HardpointSlot": -1,
      "IsFixed": true,
      "GUID": null,
      "DamageLevel": "Functional",
      "prefabName": null,
      "hasPrefabName": false
    },
    {
      "MountedLocation": "RightTorso",
      "ComponentDefID": "Gear_XL_Engine",
      "SimGameUID": "",
      "ComponentDefType": "Upgrade",
      "HardpointSlot": -1,
      "IsFixed": true,
      "GUID": null,
      "DamageLevel": "Functional",
      "prefabName": null,
      "hasPrefabName": false
    },
    {
      "MountedLocation": "CenterTorso",
      "ComponentDefID": "Gear_General_Optimized_Capacitors",
      "SimGameUID": "",
      "ComponentDefType": "Upgrade",
      "HardpointSlot": -1,
      "IsFixed": true,
      "GUID": null,
      "DamageLevel": "Functional",
      "prefabName": null,
      "hasPrefabName": false
    }
  ]
}