MarikA,,,,,,,
,,,,,,,
,,,,,,,
Dates,3025-01-01T00:00:00Z,,3039-01-01T00:00:00Z,,3050-01-01T00:00:00Z,,3057-01-01T00:00:00Z
Lights,,,,,,,
mechdef_flea_FLE-14,0,,0,,0,,9
mechdef_stinger_STG-3R,125,,125,,113,,48
mechdef_wasp_WSP-1W,3,,3,,3,,3
mechdef_wasp_WSP-1A,230,,230,,227,,97
mechdef_wasp_WSP-3M,0,,0,,0,3051-01-01T00:00:00Z,97
mechdef_flea_FLE-15,6,,6,,5,,5
mechdef_flea_FLE-4,32,,32,,32,,34
mechdef_locust_LCT-1V,152,,152,,150,,48
mechdef_stinger_STG-5M,0,,0,,0,3050-01-01T00:00:00Z,97
mechdef_ostscout_OTT-7K,0,,0,,0,3050-01-01T00:00:00Z,9
mechdef_locust_LCT-3V,8,,8,,8,,9
mechdef_stinger_STG-3G,46,,46,,45,,48
mechdef_locust_LCT-3M,0,,0,,0,3050-01-01T00:00:00Z,97
mechdef_javelin_JVN-10N,23,,23,,23,,9
mechdef_ostscout_OTT-7J,23,,23,,23,,9
mechdef_hermes_HER-3S2,0,,0,3049-01-01T00:00:00Z,5,,24
mechdef_hermes_HER-1A,8,,8,,8,,9
mechdef_falcon_FLC-4N,5,,5,,5,,5
mechdef_spider_SDR-5V,77,,77,,73,,77
mechdef_hammer_HMR-3S,0,,0,,0,3054-01-01T00:00:00Z,14
mechdef_hermes_HER-3S,0,,0,3047-01-01T00:00:00Z,8,,34
mechdef_hermes_HER-1B,10,,10,,8,,5
mechdef_firestarter_FS9-H,146,,146,,146,,34
mechdef_hermes_HER-3S1,0,,0,3049-01-01T00:00:00Z,12,,24
mechdef_mongoose_MON-67,16,,16,,16,,9
mechdef_eagle_EGL-1M,0,,0,,0,3056-12-01T00:00:00Z,48
mechdef_firestarter_FS9-K,10,,10,,10,,5
mechdef_hammer_HMR-3M,0,,0,,0,3053-01-01T00:00:00Z,77
mechdef_javelin_JVN-10F,10,,10,,10,,5
mechdef_hammer_HMR-3C,0,,0,,0,3056-01-01T00:00:00Z,14
Mediums,,,,,,,
mechdef_vulcan_VL-2T,0,,0,,0,,12
mechdef_cicada_CDA-2A,23,,22,,16,,17
mechdef_assassin_ASN-23,0,,0,,0,3050-01-01T00:00:00Z,4
mechdef_assassin_ASN-21,14,,14,,13,,2
mechdef_clint_CLNT-2-3T,3,,3,,3,,0
mechdef_hermesII_HER-2S,140,,138,,126,,117
mechdef_vulcan_VL-5M,0,,0,,0,3050-01-01T00:00:00Z,24
mechdef_cicada_CDA-3M,0,,0,,0,3050-01-01T00:00:00Z,24
mechdef_hermesII_HER-2M,8,,8,,7,,7
mechdef_vulcan_VL-5T,5,,5,,5,,4
mechdef_centurion_CN9-A,14,,14,,13,,12
mechdef_whitworth_WTH-1,8,,8,,7,,4
mechdef_trebuchet_TBT-5S,8,,8,,7,,7
mechdef_wyvern_WVE-6N,5,,5,,5,,4
mechdef_phoenixhawk_PXH-1,140,,137,,127,,24
mechdef_hunchback_HBK-4G,92,,91,,84,,24
mechdef_hunchback_HBK-4SP,0,3025-09-01T00:00:00Z,8,,7,,4
mechdef_hunchback_HBK-5M,0,,0,3046-01-01T00:00:00Z,13,,118
mechdef_shadowhawk_SHD-2H,45,,44,,41,,24
mechdef_hunchback_HBK-4H,5,,5,,5,,4
mechdef_hunchback_HBK-4N,5,,5,,5,,4
mechdef_scorpion_SCP-1O,0,,0,3049-01-01T00:00:00Z,3,,0
mechdef_wolverine_WVR-6R,28,,28,,25,,24
mechdef_hunchback_HBK-4P,8,,8,,5,,4
mechdef_crab_CRB-20,5,,5,,5,,4
mechdef_hunchback_HBK-4J,5,,5,,5,,4
mechdef_dervish_DV-6M,14,,14,,13,,12
mechdef_apollo_APL-1R,0,,0,,0,3056-01-01T00:00:00Z,4
mechdef_trebuchet_TBT-5N,56,,55,,51,,24
mechdef_trebuchet_TBT-5J,28,,28,,25,,17
mechdef_apollo_APL-1M,0,,0,,0,3054-01-01T00:00:00Z,24
mechdef_cicada_CDA-3G,0,,0,,0,3056-01-01T00:00:00Z,7
mechdef_griffin_GRF-1N,56,,55,,51,,24
mechdef_apollo_APL-2S,0,,0,,0,3056-01-01T00:00:00Z,4
mechdef_wraith_TR1,0,,0,,0,3055-01-01T00:00:00Z,24
mechdef_wolverine_WVR-6M,240,,233,,163,,24
mechdef_phoenixhawk_PXH-3M,0,,0,3048-01-01T00:00:00Z,36,,118
mechdef_cicada_CDA-3F,0,,0,,0,3052-01-01T00:00:00Z,12
mechdef_cronus_CNS-3M,0,3031-01-01T00:00:00Z,10,,10,,7
mechdef_trebuchet_TBT-7M,0,,0,3048-01-01T00:00:00Z,36,,47
mechdef_shadowhawk_SHD-5M,0,,0,3048-01-01T00:00:00Z,36,,78
mechdef_griffin_GRF-3M,0,,0,3049-01-01T00:00:00Z,10,,47
mechdef_huronwarrior_HUR-WO-R4M,0,,0,,0,3056-01-01T00:00:00Z,4
mechdef_wolverine_WVR-7M,0,,0,,0,3050-01-01T00:00:00Z,47
Heavies,,,,,,,
mechdef_champion_CHP-2N,5,,5,,5,,0
mechdef_quickdraw_QKD-4G,59,,60,,45,,20
mechdef_quickdraw_QKD-5A,8,,8,,8,,8
mechdef_merlin_MLN-1A,3,,3,,3,,0
mechdef_rifleman_RFL-5M,0,,0,3049-01-01T00:00:00Z,8,,58
mechdef_ostroc_OSR-2C,20,,21,,20,,8
mechdef_ostroc_OSR-2L,3,,3,,3,,3
mechdef_ostroc_OSR-2M,8,,8,,8,,0
mechdef_quickdraw_QKD-5M,0,,0,,0,3050-01-01T00:00:00Z,29
mechdef_quickdraw_QKD-4H,8,,8,,8,,8
mechdef_ostsol_OTL-4D,47,,48,,45,,0
mechdef_ostsol_OTL-5M,0,,0,,0,3050-01-01T00:00:00Z,20
mechdef_ostroc_OSR-3C,3,,3,,3,,3
mechdef_orion_ON1-V,15,,15,,14,,15
mechdef_warhammer_WHM-6R,97,,98,,93,,97
mechdef_crusader_CRD-3R,146,,149,,142,,58
mechdef_orion_ON1-VA,5,,5,,5,,3
mechdef_marauder_MAD-3M,18,,19,,18,,15
mechdef_thunderbolt_TDR-5S,97,,98,,93,,20
mechdef_archer_ARC-2W,3,,3,,3,,3
mechdef_exterminator_EXT-4A,15,3031-01-01T00:00:00Z,0,,0,,0
mechdef_marauder_MAD-3R,8,,8,,8,,8
mechdef_guillotine_GLT-4P,3,,3,,3,,3
mechdef_catapult_CPLT-C1,3,,3,,3,,0
mechdef_guillotine_GLT-4L,29,,30,,28,,20
mechdef_crusader_CRD-5M,0,,0,,0,3050-01-01T00:00:00Z,97
mechdef_blackknight_BL-7-KNT-L,3,,3,,3,,3
mechdef_orion_ON1-M,0,,0,3049-01-01T00:00:00Z,14,,58
mechdef_thunderbolt_TDR-5SE,3,,3,,3,,3
mechdef_tempest_TMP-3MA,0,,0,,0,3056-01-01T00:00:00Z,3
mechdef_grasshopper_GHR-5H,18,,19,,19,,8
mechdef_orion_ON1-K,146,,149,,142,,58
mechdef_anvil_ANV-3M,0,,0,,0,3055-01-01T00:00:00Z,15
mechdef_blackknight_BL-7-KNT,3,,3,,3,,3
mechdef_stalker_STK-4P,8,,8,,5,,5
mechdef_marauder_MAD-5M,0,,0,,0,3051-01-01T00:00:00Z,47
mechdef_guillotine_GLT-5M,0,,0,3049-01-01T00:00:00Z,5,,29
mechdef_archer_ARC-2R,191,,191,,161,,47
mechdef_warhammer_WHM-7M,0,,0,3047-01-01T00:00:00Z,28,,20
mechdef_thunderbolt_TDR-7M,0,,0,3049-01-01T00:00:00Z,10,,97
mechdef_orion_ON1-MA,0,,0,,0,3052-01-01T00:00:00Z,20
mechdef_grasshopper_GHR-5N,0,,0,3040-01-01T00:00:00Z,10,,5
mechdef_hercules_HRC-LS-9000,0,,0,,0,3054-01-01T00:00:00Z,5
mechdef_gallowglas_GAL-1GLS,0,,0,,0,3055-01-01T00:00:00Z,8
mechdef_archer_ARC-4M,0,,0,3049-01-01T00:00:00Z,10,,58
mechdef_tempest_TMP-3M,0,,0,,0,3055-01-01T00:00:00Z,8
mechdef_tempest_TMP-3G,0,,0,,0,3056-01-01T00:00:00Z,3
mechdef_gallowglas_GAL-2GLS,0,,0,,0,3055-01-01T00:00:00Z,5
mechdef_orion_ON1-V-DC,2,,2,,2,,2
mechdef_marauder_MAD-3M-DC,2,,2,,2,,2
Assaults,,,,,,,
mechdef_cyclops_CP-10-Z,0,,0,,0,,18
mechdef_longbow_LGB-0W,93,,93,,85,,70
mechdef_victor_VTR-9B,19,,19,,18,,6
mechdef_banshee_BNC-3Q,11,,11,,12,,10
mechdef_annihilator_ANH-1A,3,,3,,3,,3
mechdef_goliath_GOL-1H,26,,26,,25,,25
mechdef_awesome_AWS-8R,38,,38,,35,,35
mechdef_striker_STC-2C,7,,7,,25,,18
mechdef_thug_THG-10E,75,,75,,71,,70
mechdef_awesome_AWS-8V,38,,38,,35,,35
mechdef_battlemaster_BLR-1G,75,,75,,71,,70
mechdef_goliath_GOL-3M,0,,0,3047-01-01T00:00:00Z,18,,35
mechdef_cyclops_CP-11-A,0,,0,3045-01-01T00:00:00Z,4,,4
mechdef_cyclops_CP-11-C,0,,0,3049-12-01T00:00:00Z,4,,4
mechdef_stalker_STK-4N,26,,26,,25,,25
mechdef_stalker_STK-3F,188,,188,,177,,70
mechdef_cyclops_CP-10-Q,7,,7,,6,,6
mechdef_awesome_AWS-8T,38,,38,,35,,35
mechdef_banshee_BNC-3M,11,,11,,10,,10
mechdef_awesome_AWS-8Q,126,,126,,117,,35
mechdef_longbow_LGB-7Q,76,,76,,68,,25
mechdef_stalker_STK-3H,52,,52,,50,,25
mechdef_stalker_STK-5M,0,,0,,0,3050-01-01T00:00:00Z,56
mechdef_albatross_ALB-3U,0,,0,,0,3053-01-01T00:00:00Z,10
mechdef_battlemaster_BLR-3M,0,,0,3049-01-01T00:00:00Z,20,,56
mechdef_atlas_AS7-A,14,,14,,12,,10
mechdef_kingcrab_KGC-0000,8,,8,,8,,4
mechdef_awesome_AWS-9M,0,,0,,0,3049-01-01T00:00:00Z,170
mechdef_longbow_LGB-7V,0,,0,,0,3056-01-01T00:00:00Z,6
mechdef_grandtitan_T-IT-N10M,0,,0,,0,3054-01-01T00:00:00Z,18
mechdef_atlas_AS7-D,38,,38,,36,,25
mechdef_cerberus_MR-5M,0,,0,,0,3055-01-01T00:00:00Z,10
mechdef_cyclops_CP-10-HQ,8,,8,,8,,10
mechdef_nightstar_NSR-7J,7,,7,,7,,7
mechdef_marauderII_MAD-4A,3,,3,,3,,3
mechdef_emperor_EMP-5A,3,,3,,3,,3
mechdef_pillager_PLG-1N,12,,12,,11,,3