OutworldA,,,
,,,
,,,
Dates,3025-01-01T00:00:00Z,,3057-01-01T00:00:00Z
Lights,,,
mechdef_stinger_STG-3R,132,,132
mechdef_wasp_WSP-1A,277,,277
mechdef_locust_LCT-1V,182,,182
mechdef_locust_LCT-3V,10,,10
mechdef_stinger_STG-3G,39,,39
mechdef_urbanmech_UM-R60,88,,88
mechdef_javelin_JVN-10N,28,,28
mechdef_ostscout_OTT-7J,10,,10
mechdef_hermes_HER-1A,6,,6
mechdef_falcon_FLC-4N,6,,6
mechdef_spider_SDR-5V,10,,10
mechdef_hermes_HER-1B,6,,6
mechdef_firestarter_FS9-H,170,,170
mechdef_mongoose_MON-67,12,,12
mechdef_firestarter_FS9-K,12,,12
mechdef_javelin_JVN-10F,12,,12
Mediums,,,
mechdef_vulcan_VL-2T,56,,56
mechdef_cicada_CDA-2A,14,,14
mechdef_assassin_ASN-21,7,,7
mechdef_clint_CLNT-2-3T,7,,7
mechdef_vulcan_VL-5T,14,,14
mechdef_blackjack_BJ-1,50,,50
mechdef_whitworth_WTH-1,7,,7
mechdef_trebuchet_TBT-5S,7,,7
mechdef_wyvern_WVE-6N,7,,7
mechdef_scorpion_SCP-1N,14,,14
mechdef_phoenixhawk_PXH-1,214,,214
mechdef_hunchback_HBK-4G,50,,50
mechdef_shadowhawk_SHD-2H,106,,106
mechdef_hunchback_HBK-4H,7,,7
mechdef_hunchback_HBK-4N,7,,7
mechdef_wolverine_WVR-6R,106,,106
mechdef_hunchback_HBK-4P,7,,7
mechdef_crab_CRB-20,7,,7
mechdef_hunchback_HBK-4J,7,,7
mechdef_dervish_DV-6M,50,,50
mechdef_trebuchet_TBT-5N,50,,50
mechdef_griffin_GRF-1N,206,,206
mechdef_rifleman_RFL-2N,39,,39
Heavies,,,
mechdef_rifleman_RFL-3N,60,,60
mechdef_champion_CHP-2N,6,,6
mechdef_quickdraw_QKD-4G,39,,39
mechdef_quickdraw_QKD-5A,6,,6
mechdef_merlin_MLN-1A,55,,35
mechdef_merlin_MLN-1B,0,3053-01-01T00:00:00Z,20
mechdef_ostroc_OSR-2C,39,,39
mechdef_ostroc_OSR-2L,6,,6
mechdef_quickdraw_QKD-4H,6,,6
mechdef_ostsol_OTL-4D,83,,83
mechdef_ostroc_OSR-3C,6,,6
mechdef_orion_ON1-V,6,,6
mechdef_warhammer_WHM-6R,110,,110
mechdef_crusader_CRD-3R,110,,110
mechdef_orion_ON1-VA,6,,6
mechdef_thunderbolt_TDR-5S,110,,110
mechdef_bombardier_BMB-10D,6,,6
mechdef_marauder_MAD-3R,11,,11
mechdef_guillotine_GLT-4P,6,,6
mechdef_guillotine_GLT-4L,11,,11
mechdef_grasshopper_GHR-5H,55,,55
mechdef_orion_ON1-K,39,,39
mechdef_stalker_STK-4P,17,,17
mechdef_archer_ARC-2R,207,,207
Assaults,,,
mechdef_longbow_LGB-0W,52,,52
mechdef_victor_VTR-9B,11,,11
mechdef_banshee_BNC-3E,182,,182
mechdef_goliath_GOL-1H,6,,6
mechdef_awesome_AWS-8R,11,,11
mechdef_striker_STC-2C,24,,24
mechdef_awesome_AWS-8V,11,,11
mechdef_battlemaster_BLR-1G,24,,24
mechdef_stalker_STK-4N,42,,42
mechdef_stalker_STK-3F,303,,303
mechdef_cyclops_CP-10-Q,6,,6
mechdef_awesome_AWS-8T,11,,11
mechdef_awesome_AWS-8Q,125,,125
mechdef_longbow_LGB-7Q,84,,84
mechdef_stalker_STK-3H,84,,84
mechdef_atlas_AS7-A,12,,12
mechdef_atlas_AS7-D,12,,12