{
    "ChassisID": "chassisdef_rifleman_RFL-2N",
    "HeraldryID": null,
    "Description": {
        "Cost": 4880000,
        "Rarity": 0,
        "Purchasable": true,
        "Manufacturer": null,
        "Model": null,
        "UIName": "Rifleman RFL-2N",
        "Id": "mechdef_rifleman_RFL-2N",
        "Name": "Rifleman",
        "Details": "Introduced in 2556, the Rifleman RFL-2N replaced the primitive components of the 1N version with standard armor and engine. The freed space and weight allowed engineers to fit in sixteen heat sinks. The large lasers were removed from the arms and replaced by PPCs, while two more medium lasers were added, one in each side torso. Production of this model continued until the RFL-3N was introduced.",
        "Icon": "uixTxrIcon_rifleman"
    },
    "simGameMechPartCost": 488000,
    "Version": 1,
    "Locations": [
        {
            "DamageLevel": "Functional",
            "Location": "Head",
            "CurrentArmor": 30,
            "CurrentRearArmor": -1,
            "CurrentInternalStructure": 16,
            "AssignedArmor": 30,
            "AssignedRearArmor": -1
        },
        {
            "DamageLevel": "Functional",
            "Location": "LeftArm",
            "CurrentArmor": 75,
            "CurrentRearArmor": -1,
            "CurrentInternalStructure": 40,
            "AssignedArmor": 75,
            "AssignedRearArmor": -1
        },
        {
            "DamageLevel": "Functional",
            "Location": "LeftTorso",
            "CurrentArmor": 75,
            "CurrentRearArmor": 10,
            "CurrentInternalStructure": 60,
            "AssignedArmor": 75,
            "AssignedRearArmor": 10
        },
        {
            "DamageLevel": "Functional",
            "Location": "CenterTorso",
            "CurrentArmor": 110,
            "CurrentRearArmor": 20,
            "CurrentInternalStructure": 80,
            "AssignedArmor": 110,
            "AssignedRearArmor": 20
        },
        {
            "DamageLevel": "Functional",
            "Location": "RightTorso",
            "CurrentArmor": 75,
            "CurrentRearArmor": 10,
            "CurrentInternalStructure": 60,
            "AssignedArmor": 75,
            "AssignedRearArmor": 10
        },
        {
            "DamageLevel": "Functional",
            "Location": "RightArm",
            "CurrentArmor": 75,
            "CurrentRearArmor": -1,
            "CurrentInternalStructure": 40,
            "AssignedArmor": 75,
            "AssignedRearArmor": -1
        },
        {
            "DamageLevel": "Functional",
            "Location": "LeftLeg",
            "CurrentArmor": 60,
            "CurrentRearArmor": -1,
            "CurrentInternalStructure": 60,
            "AssignedArmor": 60,
            "AssignedRearArmor": -1
        },
        {
            "DamageLevel": "Functional",
            "Location": "RightLeg",
            "CurrentArmor": 60,
            "CurrentRearArmor": -1,
            "CurrentInternalStructure": 60,
            "AssignedArmor": 60,
            "AssignedRearArmor": -1
        }
    ],
    "inventory": [
        {
            "MountedLocation": "LeftArm",
            "ComponentDefID": "Weapon_PPC_PPC_0-STOCK",
            "SimGameUID": null,
            "ComponentDefType": "Weapon",
            "HardpointSlot": 0,
            "GUID": null,
            "DamageLevel": "Functional",
            "prefabName": null,
            "hasPrefabName": false
        },
        {
            "MountedLocation": "LeftArm",
            "ComponentDefID": "Weapon_Laser_MediumLaser_0-STOCK",
            "SimGameUID": null,
            "ComponentDefType": "Weapon",
            "HardpointSlot": 0,
            "GUID": null,
            "DamageLevel": "Functional",
            "prefabName": null,
            "hasPrefabName": false
        },
        {
            "MountedLocation": "LeftTorso",
            "ComponentDefID": "Weapon_Laser_MediumLaser_0-STOCK",
            "SimGameUID": null,
            "ComponentDefType": "Weapon",
            "HardpointSlot": 0,
            "GUID": null,
            "DamageLevel": "Functional",
            "prefabName": null,
            "hasPrefabName": false
        },
        {
            "MountedLocation": "LeftTorso",
            "ComponentDefID": "Gear_HeatSink_Generic_Standard",
            "SimGameUID": null,
            "ComponentDefType": "HeatSink",
            "HardpointSlot": 0,
            "GUID": null,
            "DamageLevel": "Functional",
            "prefabName": null,
            "hasPrefabName": false
        },
        {
            "MountedLocation": "RightTorso",
            "ComponentDefID": "Weapon_Laser_MediumLaser_0-STOCK",
            "SimGameUID": null,
            "ComponentDefType": "Weapon",
            "HardpointSlot": 0,
            "GUID": null,
            "DamageLevel": "Functional",
            "prefabName": null,
            "hasPrefabName": false
        },
        {
            "MountedLocation": "RightTorso",
            "ComponentDefID": "Gear_HeatSink_Generic_Standard",
            "SimGameUID": null,
            "ComponentDefType": "HeatSink",
            "HardpointSlot": 0,
            "GUID": null,
            "DamageLevel": "Functional",
            "prefabName": null,
            "hasPrefabName": false
        },
        {
            "MountedLocation": "RightArm",
            "ComponentDefID": "Weapon_PPC_PPC_0-STOCK",
            "SimGameUID": null,
            "ComponentDefType": "Weapon",
            "HardpointSlot": 0,
            "GUID": null,
            "DamageLevel": "Functional",
            "prefabName": null,
            "hasPrefabName": false
        },
        {
            "MountedLocation": "RightArm",
            "ComponentDefID": "Weapon_Laser_MediumLaser_0-STOCK",
            "SimGameUID": null,
            "ComponentDefType": "Weapon",
            "HardpointSlot": 0,
            "GUID": null,
            "DamageLevel": "Functional",
            "prefabName": null,
            "hasPrefabName": false
        },
        {
            "MountedLocation": "LeftLeg",
            "ComponentDefID": "Gear_HeatSink_Generic_Standard",
            "SimGameUID": null,
            "ComponentDefType": "HeatSink",
            "HardpointSlot": -1,
            "GUID": null,
            "DamageLevel": "Functional",
            "prefabName": null,
            "hasPrefabName": false
        },
        {
            "MountedLocation": "LeftLeg",
            "ComponentDefID": "Gear_HeatSink_Generic_Standard",
            "SimGameUID": null,
            "ComponentDefType": "HeatSink",
            "HardpointSlot": -1,
            "GUID": null,
            "DamageLevel": "Functional",
            "prefabName": null,
            "hasPrefabName": false
        },
        {
            "MountedLocation": "RightLeg",
            "ComponentDefID": "Gear_HeatSink_Generic_Standard",
            "SimGameUID": null,
            "ComponentDefType": "HeatSink",
            "HardpointSlot": -1,
            "GUID": null,
            "DamageLevel": "Functional",
            "prefabName": null,
            "hasPrefabName": false
        },
        {
            "MountedLocation": "RightLeg",
            "ComponentDefID": "Gear_HeatSink_Generic_Standard",
            "SimGameUID": null,
            "ComponentDefType": "HeatSink",
            "HardpointSlot": -1,
            "GUID": null,
            "DamageLevel": "Functional",
            "prefabName": null,
            "hasPrefabName": false
        }
    ],
    "MechTags": {
        "items": [
            "unit_mech",
            "unit_heavy",
            "unit_release",
            "unit_ready",
            "unit_lance_support",
            "unit_role_sniper",
            "unit_range_long",
            "unit_speed_low",
            "unit_armor_low",
            "unit_hot",
            "unit_common"],
        "tagSetSourceFile": ""
    }
}