{
  "ChassisID": "chassisdef_battleaxe_BKX-7K",
  "HeraldryID": null,
  "Description": {
    "Cost": 8040000,
    "Rarity": 5,
    "Purchasable": true,
    "Manufacturer": null,
    "Model": null,
    "UIName": "BattleAxe BKX-7K",
    "Id": "mechdef_battleaxe_BKX-7K",
    "Name": "BattleAxe",
    "Details": "The prototype of the BattleAxe originally appeared in 2459, and relied on the standard armament of the time: lasers and missiles. Over the next fifteen years, the speed was increased by a third and the mass of the cockpit and armor were reduced. In the late 2460s, unsure of the BattleAxe's maneuverability, the introduction of the WSP-1 Wasp inspired designers to mount experimental jump jets onto the upper legs, allowing it to vault over anything it could not run through. Unfortunately, MechWarriors had to go through training for the new jump jets and the landing process, as many died early on. The Federated Suns subsequently switched the Large Lasers in the arms for new Particle Projection Cannons. The BattleAxe only has nine tons of armor, which is comparatively light for a 'Mech of its size. Massive overheating problems, and the introduction of the Hammerhands, eventually ended the operational service of the BattleAxe.",
    "Icon": "uixTxrIcon_battleaxe"
  },
  "simGameMechPartCost": 804000,
  "Version": 1,
  "Locations": [
    {
      "DamageLevel": "Functional",
      "Location": "Head",
      "CurrentArmor": 45,
      "CurrentRearArmor": -1,
      "CurrentInternalStructure": 16,
      "AssignedArmor": 45,
      "AssignedRearArmor": -1
    },
    {
      "DamageLevel": "Functional",
      "Location": "LeftArm",
      "CurrentArmor": 70,
      "CurrentRearArmor": -1,
      "CurrentInternalStructure": 55,
      "AssignedArmor": 70,
      "AssignedRearArmor": -1
    },
    {
      "DamageLevel": "Functional",
      "Location": "LeftTorso",
      "CurrentArmor": 90,
      "CurrentRearArmor": 30,
      "CurrentInternalStructure": 75,
      "AssignedArmor": 90,
      "AssignedRearArmor": 30
    },
    {
      "DamageLevel": "Functional",
      "Location": "CenterTorso",
      "CurrentArmor": 100,
      "CurrentRearArmor": 35,
      "CurrentInternalStructure": 110,
      "AssignedArmor": 100,
      "AssignedRearArmor": 35
    },
    {
      "DamageLevel": "Functional",
      "Location": "RightTorso",
      "CurrentArmor": 90,
      "CurrentRearArmor": 30,
      "CurrentInternalStructure": 75,
      "AssignedArmor": 90,
      "AssignedRearArmor": 30
    },
    {
      "DamageLevel": "Functional",
      "Location": "RightArm",
      "CurrentArmor": 70,
      "CurrentRearArmor": -1,
      "CurrentInternalStructure": 55,
      "AssignedArmor": 70,
      "AssignedRearArmor": -1
    },
    {
      "DamageLevel": "Functional",
      "Location": "LeftLeg",
      "CurrentArmor": 80,
      "CurrentRearArmor": -1,
      "CurrentInternalStructure": 75,
      "AssignedArmor": 80,
      "AssignedRearArmor": -1
    },
    {
      "DamageLevel": "Functional",
      "Location": "RightLeg",
      "CurrentArmor": 80,
      "CurrentRearArmor": -1,
      "CurrentInternalStructure": 75,
      "AssignedArmor": 80,
      "AssignedRearArmor": -1
    }
  ],
  "inventory": [
    {
      "MountedLocation": "LeftArm",
      "ComponentDefID": "Weapon_PPC_PPC_0-STOCK",
      "SimGameUID": null,
      "ComponentDefType": "Weapon",
      "HardpointSlot": 0,
      "GUID": null,
      "DamageLevel": "Functional",
      "prefabName": null,
      "hasPrefabName": false
    },
    {
      "MountedLocation": "LeftArm",
      "ComponentDefID": "Gear_HeatSink_Generic_Standard",
      "SimGameUID": null,
      "ComponentDefType": "HeatSink",
      "HardpointSlot": -1,
      "GUID": null,
      "DamageLevel": "Functional",
      "prefabName": null,
      "hasPrefabName": false
    },
    {
      "MountedLocation": "LeftArm",
      "ComponentDefID": "Gear_HeatSink_Generic_Standard",
      "SimGameUID": null,
      "ComponentDefType": "HeatSink",
      "HardpointSlot": -1,
      "GUID": null,
      "DamageLevel": "Functional",
      "prefabName": null,
      "hasPrefabName": false
    },
    {
      "MountedLocation": "LeftTorso",
      "ComponentDefID": "Weapon_LRM_LRM5_0-STOCK",
      "SimGameUID": null,
      "ComponentDefType": "Weapon",
      "HardpointSlot": 0,
      "GUID": null,
      "DamageLevel": "Functional",
      "prefabName": null,
      "hasPrefabName": false
    },
    {
      "MountedLocation": "LeftTorso",
      "ComponentDefID": "Ammo_AmmunitionBox_Generic_LRM",
      "SimGameUID": null,
      "ComponentDefType": "AmmunitionBox",
      "HardpointSlot": -1,
      "GUID": null,
      "DamageLevel": "Functional",
      "prefabName": null,
      "hasPrefabName": false
    },
    {
      "MountedLocation": "CenterTorso",
      "ComponentDefID": "Gear_HeatSink_Generic_Standard",
      "SimGameUID": null,
      "ComponentDefType": "HeatSink",
      "HardpointSlot": -1,
      "GUID": null,
      "DamageLevel": "Functional",
      "prefabName": null,
      "hasPrefabName": false
    },
    {
      "MountedLocation": "RightTorso",
      "ComponentDefID": "Weapon_SRM_SRM6_0-STOCK",
      "SimGameUID": null,
      "ComponentDefType": "Weapon",
      "HardpointSlot": 0,
      "GUID": null,
      "DamageLevel": "Functional",
      "prefabName": null,
      "hasPrefabName": false
    },
    {
      "MountedLocation": "RightTorso",
      "ComponentDefID": "Weapon_LRM_LRM5_0-STOCK",
      "SimGameUID": null,
      "ComponentDefType": "Weapon",
      "HardpointSlot": 0,
      "GUID": null,
      "DamageLevel": "Functional",
      "prefabName": null,
      "hasPrefabName": false
    },
    {
      "MountedLocation": "RightTorso",
      "ComponentDefID": "Ammo_AmmunitionBox_Generic_SRM",
      "SimGameUID": null,
      "ComponentDefType": "AmmunitionBox",
      "HardpointSlot": -1,
      "GUID": null,
      "DamageLevel": "Functional",
      "prefabName": null,
      "hasPrefabName": false
    },
    {
      "MountedLocation": "RightArm",
      "ComponentDefID": "Weapon_PPC_PPC_0-STOCK",
      "SimGameUID": null,
      "ComponentDefType": "Weapon",
      "HardpointSlot": 0,
      "GUID": null,
      "DamageLevel": "Functional",
      "prefabName": null,
      "hasPrefabName": false
    },
    {
      "MountedLocation": "RightArm",
      "ComponentDefID": "Gear_HeatSink_Generic_Standard",
      "SimGameUID": null,
      "ComponentDefType": "HeatSink",
      "HardpointSlot": -1,
      "GUID": null,
      "DamageLevel": "Functional",
      "prefabName": null,
      "hasPrefabName": false
    },
    {
      "MountedLocation": "RightArm",
      "ComponentDefID": "Gear_HeatSink_Generic_Standard",
      "SimGameUID": null,
      "ComponentDefType": "HeatSink",
      "HardpointSlot": -1,
      "GUID": null,
      "DamageLevel": "Functional",
      "prefabName": null,
      "hasPrefabName": false
    },
    {
      "MountedLocation": "LeftLeg",
      "ComponentDefID": "Gear_JumpJet_Generic_Heavy",
      "SimGameUID": null,
      "ComponentDefType": "JumpJet",
      "HardpointSlot": -1,
      "GUID": null,
      "DamageLevel": "Functional",
      "prefabName": null,
      "hasPrefabName": false
    },
    {
      "MountedLocation": "LeftLeg",
      "ComponentDefID": "Gear_JumpJet_Generic_Heavy",
      "SimGameUID": null,
      "ComponentDefType": "JumpJet",
      "HardpointSlot": -1,
      "GUID": null,
      "DamageLevel": "Functional",
      "prefabName": null,
      "hasPrefabName": false
    },
    {
      "MountedLocation": "RightLeg",
      "ComponentDefID": "Gear_JumpJet_Generic_Heavy",
      "SimGameUID": null,
      "ComponentDefType": "JumpJet",
      "HardpointSlot": -1,
      "GUID": null,
      "DamageLevel": "Functional",
      "prefabName": null,
      "hasPrefabName": false
    },
    {
      "MountedLocation": "RightLeg",
      "ComponentDefID": "Gear_JumpJet_Generic_Heavy",
      "SimGameUID": null,
      "ComponentDefType": "JumpJet",
      "HardpointSlot": -1,
      "GUID": null,
      "DamageLevel": "Functional",
      "prefabName": null,
      "hasPrefabName": false
    }
],
  "MechTags": {
    "items": [
      "unit_mech",
      "unit_heavy",
      "unit_release",
      "unit_ready",
      "unit_role_sniper",
      "unit_range_medium",
      "unit_speed_low",
      "unit_armor_low",
      "unit_common",
      "Davion",
      "unit_lance_support",
      "unit_jumpOK"
    ],
    "tagSetSourceFile": ""
  }
}