{
    "MechTags": {
        "items": [
            "unit_release",
            "unit_mech",
            "unit_medium",
            "unit_ready",
            "unit_lance_support",
            "unit_role_sniper",
	    "unit_range_long",
	    "unit_hot",
	    "unit_armor_high",
	    "unit_speed_low",
            "unit_LosTech"
        ],
        "tagSetSourceFile": ""
    },
    "ChassisID": "chassisdef_kyudo_KY2-D-02",
    "HeraldryID": null,
    "Description": {
        "Cost": 5720000,
        "Rarity": 3,
        "Purchasable": true,
        "Manufacturer": null,
        "Model": null,
        "UIName": "Kyudo KY2-D-02",
        "Id": "mechdef_kyudo_KY2-D-02",
        "Name": "Kyudo",
        "Details": "The Kyudo was developed by Martinson Armaments early in the history of BattleMechs, having been unveiled in 2443. The Terran Hegemony purchased the design that was intended to support the Mackie, as it was cheaper than that 'Mech. The -02 is an upgrade that dates to 2625. Martinson was destroyed during the Amaris Civil War and the Kyudo faded into obscurity.\r\n\r\nThe 45-ton 'Mech tops out at 86 km/h. It is protected by eight tons of Ferro-Fibrous armor and has CASE to protect the MechWarrior in the event of an ammunition explosion. Ten double heat sinks make heat a secondary concern.",
        "Icon": "uixTxrIcon_vindicator"
    },
    "simGameMechPartCost": 572000,
    "Version": 1,
    "Locations": [
        {
            "DamageLevel": "Functional",
            "Location": "Head",
            "CurrentArmor": 45,
            "CurrentRearArmor": -1,
            "CurrentInternalStructure": 16,
            "AssignedArmor": 45,
            "AssignedRearArmor": -1
        },
        {
            "DamageLevel": "Functional",
            "Location": "LeftArm",
            "CurrentArmor": 70,
            "CurrentRearArmor": -1,
            "CurrentInternalStructure": 35,
            "AssignedArmor": 70,
            "AssignedRearArmor": -1
        },
        {
            "DamageLevel": "Functional",
            "Location": "LeftTorso",
            "CurrentArmor": 80,
            "CurrentRearArmor": 25,
            "CurrentInternalStructure": 55,
            "AssignedArmor": 80,
            "AssignedRearArmor": 25
        },
        {
            "DamageLevel": "Functional",
            "Location": "CenterTorso",
            "CurrentArmor": 110,
            "CurrentRearArmor": 30,
            "CurrentInternalStructure": 70,
            "AssignedArmor": 110,
            "AssignedRearArmor": 30
        },
        {
            "DamageLevel": "Functional",
            "Location": "RightTorso",
            "CurrentArmor": 80,
            "CurrentRearArmor": 25,
            "CurrentInternalStructure": 55,
            "AssignedArmor": 80,
            "AssignedRearArmor": 25
        },
        {
            "DamageLevel": "Functional",
            "Location": "RightArm",
            "CurrentArmor": 70,
            "CurrentRearArmor": -1,
            "CurrentInternalStructure": 35,
            "AssignedArmor": 70,
            "AssignedRearArmor": -1
        },
        {
            "DamageLevel": "Functional",
            "Location": "LeftLeg",
            "CurrentArmor": 90,
            "CurrentRearArmor": -1,
            "CurrentInternalStructure": 55,
            "AssignedArmor": 90,
            "AssignedRearArmor": -1
        },
        {
            "DamageLevel": "Functional",
            "Location": "RightLeg",
            "CurrentArmor": 90,
            "CurrentRearArmor": -1,
            "CurrentInternalStructure": 55,
            "AssignedArmor": 90,
            "AssignedRearArmor": -1
        }
    ],
    "inventory": [
        {
            "MountedLocation": "LeftArm",
            "ComponentDefID": "Weapon_LRM_ALRM20_0-STOCK",
            "SimGameUID": null,
            "ComponentDefType": "Weapon",
            "HardpointSlot": 0,
            "GUID": null,
            "DamageLevel": "Functional",
            "prefabName": null,
            "hasPrefabName": false
        },
        {
            "MountedLocation": "LeftTorso",
            "ComponentDefID": "Ammo_AmmunitionBox_Generic_LRM",
            "SimGameUID": null,
            "ComponentDefType": "AmmunitionBox",
            "HardpointSlot": -1,
            "GUID": null,
            "DamageLevel": "Functional",
            "prefabName": null,
            "hasPrefabName": false
        },
        {
            "MountedLocation": "LeftTorso",
            "ComponentDefID": "Ammo_AmmunitionBox_Generic_LRM",
            "SimGameUID": null,
            "ComponentDefType": "AmmunitionBox",
            "HardpointSlot": -1,
            "GUID": null,
            "DamageLevel": "Functional",
            "prefabName": null,
            "hasPrefabName": false
        },
        {
            "MountedLocation": "RightArm",
            "ComponentDefID": "Weapon_Laser_LargeLaserER_Sa_0-STOCK",
            "SimGameUID": null,
            "ComponentDefType": "Weapon",
            "HardpointSlot": 0,
            "GUID": null,
            "DamageLevel": "Functional",
            "prefabName": null,
            "hasPrefabName": false
        }
    ]
}