{
    "ChassisID": "chassisdef_phoenixhawk_PXH-1bC",
    "HeraldryID": null,
    "Description": {
        "Cost": 10950000,
        "Rarity": 5,
        "Purchasable": true,
        "Manufacturer": null,
        "Model": null,
        "UIName": "Phoenix Hawk PXH-1BC",
        "Id": "mechdef_phoenixhawk_PXH-1bC",
        "Name": "Phoenix Hawk",
        "Details": "Refits of heavily damaged 'Mechs from the 112th Royal Hussar Regiment developed by ComStar for the Battle of Tukayyid, this Phoenix Hawk \"Special\" variant replaces damaged arm-mounted ER PPCs with the Blakenburg 25 ER Large Laser from its torso. The most significant change was mounting Narc Missile Beacons, stripped from KTO-19 Kintaros as part of Operation ROSEBUD, in the left arm with three tons of ammunition in a CASE protected bay in the left torso. Pilots became renowned for tagging over-eager Clan warriors with Homing Pods. The Harmon Medium Lasers remain in the arms, but in recognition of Elementals the machine guns are replaced with a Zippo Flamer, more to cause havoc and cover retreats than for combat. Retaining the six jump jets, it also carries the Guardian ECM Suite of the \"Special\", and twelve double heat sinks. While highly successful in its role, almost all PXH-1bCs were destroyed on Tukayyid.",
        "Icon": "uixTxrIcon_phoenixhawk"
    },
    "simGameMechPartCost": 1100000,
    "Version": 1,
    "Locations": [
        {
            "DamageLevel": "Functional",
            "Location": "Head",
            "CurrentArmor": 30,
            "CurrentRearArmor": -1,
            "CurrentInternalStructure": 16,
            "AssignedArmor": 30,
            "AssignedRearArmor": -1
        },
        {
            "DamageLevel": "Functional",
            "Location": "LeftArm",
            "CurrentArmor": 50,
            "CurrentRearArmor": -1,
            "CurrentInternalStructure": 35,
            "AssignedArmor": 50,
            "AssignedRearArmor": -1
        },
        {
            "DamageLevel": "Functional",
            "Location": "LeftTorso",
            "CurrentArmor": 90,
            "CurrentRearArmor": 20,
            "CurrentInternalStructure": 55,
            "AssignedArmor": 90,
            "AssignedRearArmor": 20
        },
        {
            "DamageLevel": "Functional",
            "Location": "CenterTorso",
            "CurrentArmor": 115,
            "CurrentRearArmor": 25,
            "CurrentInternalStructure": 70,
            "AssignedArmor": 115,
            "AssignedRearArmor": 25
        },
        {
            "DamageLevel": "Functional",
            "Location": "RightTorso",
            "CurrentArmor": 90,
            "CurrentRearArmor": 20,
            "CurrentInternalStructure": 55,
            "AssignedArmor": 90,
            "AssignedRearArmor": 20
        },
        {
            "DamageLevel": "Functional",
            "Location": "RightArm",
            "CurrentArmor": 50,
            "CurrentRearArmor": -1,
            "CurrentInternalStructure": 35,
            "AssignedArmor": 50,
            "AssignedRearArmor": -1
        },
        {
            "DamageLevel": "Functional",
            "Location": "LeftLeg",
            "CurrentArmor": 75,
            "CurrentRearArmor": -1,
            "CurrentInternalStructure": 55,
            "AssignedArmor": 75,
            "AssignedRearArmor": -1
        },
        {
            "DamageLevel": "Functional",
            "Location": "RightLeg",
            "CurrentArmor": 75,
            "CurrentRearArmor": -1,
            "CurrentInternalStructure": 55,
            "AssignedArmor": 75,
            "AssignedRearArmor": -1
        }
    ],
    "inventory": [
        {
            "MountedLocation": "RightArm",
            "ComponentDefID": "Gear_HeatSink_Generic_Double",
            "SimGameUID": null,
            "ComponentDefType": "HeatSink",
            "HardpointSlot": 0,
            "GUID": null,
            "DamageLevel": "Functional",
            "prefabName": null,
            "hasPrefabName": false
        },
        {
            "MountedLocation": "RightArm",
            "ComponentDefID": "Weapon_Laser_LargeLaserER_0-STOCK",
            "SimGameUID": null,
            "ComponentDefType": "Weapon",
            "HardpointSlot": 0,
            "GUID": null,
            "DamageLevel": "Functional",
            "prefabName": null,
            "hasPrefabName": false
        },
        {
            "MountedLocation": "RightArm",
            "ComponentDefID": "Weapon_Laser_MediumLaser_0-STOCK",
            "SimGameUID": null,
            "ComponentDefType": "Weapon",
            "HardpointSlot": 1,
            "GUID": null,
            "DamageLevel": "Functional",
            "prefabName": null,
            "hasPrefabName": false
        },
        {
            "MountedLocation": "RightArm",
            "ComponentDefID": "Weapon_Flamer_Flamer_0-STOCK",
            "SimGameUID": null,
            "ComponentDefType": "Weapon",
            "HardpointSlot": 2,
            "GUID": null,
            "DamageLevel": "Functional",
            "prefabName": null,
            "hasPrefabName": false
        },
        {
            "MountedLocation": "LeftArm",
            "ComponentDefID": "Gear_HeatSink_Generic_Double",
            "SimGameUID": null,
            "ComponentDefType": "HeatSink",
            "HardpointSlot": 0,
            "GUID": null,
            "DamageLevel": "Functional",
            "prefabName": null,
            "hasPrefabName": false
        },
        {
            "MountedLocation": "LeftArm",
            "ComponentDefID": "Weapon_Narc_Standard_0-STOCK",
            "SimGameUID": null,
            "ComponentDefType": "Weapon",
            "HardpointSlot": 0,
            "GUID": null,
            "DamageLevel": "Functional",
            "prefabName": null,
            "hasPrefabName": false
        },
        {
            "MountedLocation": "LeftArm",
            "ComponentDefID": "Weapon_Laser_MediumLaser_0-STOCK",
            "SimGameUID": null,
            "ComponentDefType": "Weapon",
            "HardpointSlot": 0,
            "GUID": null,
            "DamageLevel": "Functional",
            "prefabName": null,
            "hasPrefabName": false
        },
        {
            "MountedLocation": "LeftTorso",
            "ComponentDefID": "Gear_JumpJet_Generic_Standard",
            "SimGameUID": null,
            "ComponentDefType": "JumpJet",
            "HardpointSlot": -1,
            "GUID": null,
            "DamageLevel": "Functional",
            "prefabName": null,
            "hasPrefabName": false
        },
        {
            "MountedLocation": "LeftTorso",
            "ComponentDefID": "Gear_JumpJet_Generic_Standard",
            "SimGameUID": null,
            "ComponentDefType": "JumpJet",
            "HardpointSlot": -1,
            "GUID": null,
            "DamageLevel": "Functional",
            "prefabName": null,
            "hasPrefabName": false
        },
        {
            "MountedLocation": "LeftTorso",
            "ComponentDefID" : "Ammo_AmmunitionBox_Generic_Narc",
            "SimGameUID" : "",
            "ComponentDefType" : "AmmunitionBox",
            "HardpointSlot" : -1,
            "IsFixed" : false,
            "GUID" : null,
            "DamageLevel" : "Functional",
            "prefabName" : null,
            "hasPrefabName" : false
        },
        {
            "MountedLocation": "LeftTorso",
            "ComponentDefID" : "Ammo_AmmunitionBox_Generic_Narc",
            "SimGameUID" : "",
            "ComponentDefType" : "AmmunitionBox",
            "HardpointSlot" : -1,
            "IsFixed" : false,
            "GUID" : null,
            "DamageLevel" : "Functional",
            "prefabName" : null,
            "hasPrefabName" : false
        },
        {
            "MountedLocation": "LeftTorso",
            "ComponentDefID" : "Ammo_AmmunitionBox_Generic_Narc",
            "SimGameUID" : "",
            "ComponentDefType" : "AmmunitionBox",
            "HardpointSlot" : -1,
            "IsFixed" : false,
            "GUID" : null,
            "DamageLevel" : "Functional",
            "prefabName" : null,
            "hasPrefabName" : false
        },
        {
            "MountedLocation": "RightTorso",
            "ComponentDefID": "Gear_JumpJet_Generic_Standard",
            "SimGameUID": null,
            "ComponentDefType": "JumpJet",
            "HardpointSlot": -1,
            "GUID": null,
            "DamageLevel": "Functional",
            "prefabName": null,
            "hasPrefabName": false
        },
        {
            "MountedLocation": "RightTorso",
            "ComponentDefID": "Gear_JumpJet_Generic_Standard",
            "SimGameUID": null,
            "ComponentDefType": "JumpJet",
            "HardpointSlot": -1,
            "GUID": null,
            "DamageLevel": "Functional",
            "prefabName": null,
            "hasPrefabName": false
        }
    ],
    "MechTags": {
        "items": [
            "unit_mech",
            "unit_medium",
            "unit_release",
            "unit_ready",
            "unit_role_flanker",
            "unit_range_short",
            "unit_jumpOK",
            "unit_hot",
            "unit_speed_high",
			"unit_LosTech"
        ],
        "tagSetSourceFile": ""
    }
}