{
  "MechTags": {
    "items": [
	"unit_mech",
	"unit_heavy",
	"unit_indirectFire",
	"unit_range_medium",
	"unit_range_long",
	"unit_speed_low",
	"unit_armor_high",
	"unit_lance_tank",
	"unit_role_sniper",
	"unit_release",
	"unit_hot",
	"unit_LosTech"
    ],
    "tagSetSourceFile": ""
  },
  "ChassisID": "chassisdef_crusader_CRD-1R",
  "HeraldryID": null,
  "Description": {
    "Cost": 9680000,
    "Rarity": 5,
    "Purchasable": true,
    "Manufacturer": null,
    "Model": null,
    "UIName": "Crusader CRD-1R",
    "Id": "mechdef_crusader_CRD-1R",
    "Name": "Crusader",
    "Details": "Introduced in 2596, this is original Crusader variant. It has double heat sinks and utilized an Endo Steel internal structure, which allows to save mass and mount the Artemis IV Fire Control Systems to the LRM and SRM launchers. All of the ammunition is placed at the side torsos and protected by CASE.",
    "Icon": "uixTxrIcon_crusader"
  },
  "simGameMechPartCost": 968000,
  "Version": 1,
  "Locations": [
    {
      "DamageLevel": "Functional",
      "Location": "Head",
      "CurrentArmor": 45,
      "CurrentRearArmor": -1,
      "CurrentInternalStructure": 16,
      "AssignedArmor": 45,
      "AssignedRearArmor": -1
    },
    {
      "DamageLevel": "Functional",
      "Location": "LeftArm",
      "CurrentArmor": 100,
      "CurrentRearArmor": -1,
      "CurrentInternalStructure": 50,
      "AssignedArmor": 100,
      "AssignedRearArmor": -1
    },
    {
      "DamageLevel": "Functional",
      "Location": "LeftTorso",
      "CurrentArmor": 120,
      "CurrentRearArmor": 30,
      "CurrentInternalStructure": 75,
      "AssignedArmor": 120,
      "AssignedRearArmor": 30
    },
    {
      "DamageLevel": "Functional",
      "Location": "CenterTorso",
      "CurrentArmor": 165,
      "CurrentRearArmor": 40,
      "CurrentInternalStructure": 105,
      "AssignedArmor": 165,
      "AssignedRearArmor": 40
    },
    {
      "DamageLevel": "Functional",
      "Location": "RightTorso",
      "CurrentArmor": 120,
      "CurrentRearArmor": 30,
      "CurrentInternalStructure": 75,
      "AssignedArmor": 120,
      "AssignedRearArmor": 30
    },
    {
      "DamageLevel": "Functional",
      "Location": "RightArm",
      "CurrentArmor": 100,
      "CurrentRearArmor": -1,
      "CurrentInternalStructure": 50,
      "AssignedArmor": 100,
      "AssignedRearArmor": -1
    },
    {
      "DamageLevel": "Functional",
      "Location": "LeftLeg",
      "CurrentArmor": 105,
      "CurrentRearArmor": -1,
      "CurrentInternalStructure": 75,
      "AssignedArmor": 105,
      "AssignedRearArmor": -1
    },
    {
      "DamageLevel": "Functional",
      "Location": "RightLeg",
      "CurrentArmor": 105,
      "CurrentRearArmor": -1,
      "CurrentInternalStructure": 75,
      "AssignedArmor": 105,
      "AssignedRearArmor": -1
    }
  ],
  "inventory": [
    {
      "MountedLocation": "LeftArm",
      "ComponentDefID": "Weapon_LRM_ALRM15_0-STOCK",
      "SimGameUID": null,
      "ComponentDefType": "Weapon",
      "HardpointSlot": 0,
      "GUID": null,
      "DamageLevel": "Functional",
      "prefabName": null,
      "hasPrefabName": false
    },
    {
      "MountedLocation": "LeftArm",
      "ComponentDefID": "Weapon_Laser_MediumLaser_0-STOCK",
      "SimGameUID": null,
      "ComponentDefType": "Weapon",
      "HardpointSlot": 0,
      "GUID": null,
      "DamageLevel": "Functional",
      "prefabName": null,
      "hasPrefabName": false
    },
    {
      "MountedLocation": "LeftArm",
      "ComponentDefID": "Weapon_MachineGun_MachineGun_0-STOCK",
      "SimGameUID": null,
      "ComponentDefType": "Weapon",
      "HardpointSlot": 0,
      "GUID": null,
      "DamageLevel": "Functional",
      "prefabName": null,
      "hasPrefabName": false
    },
    {
      "MountedLocation": "LeftTorso",
      "ComponentDefID": "Ammo_AmmunitionBox_Generic_LRM",
      "SimGameUID": null,
      "ComponentDefType": "AmmunitionBox",
      "HardpointSlot": -1,
      "GUID": null,
      "DamageLevel": "Functional",
      "prefabName": null,
      "hasPrefabName": false
    },
    {
      "MountedLocation": "LeftTorso",
      "ComponentDefID": "Ammo_AmmunitionBox_Generic_SRM",
      "SimGameUID": null,
      "ComponentDefType": "AmmunitionBox",
      "HardpointSlot": -1,
      "GUID": null,
      "DamageLevel": "Functional",
      "prefabName": null,
      "hasPrefabName": false
    },
    {
      "MountedLocation": "RightTorso",
      "ComponentDefID": "Ammo_AmmunitionBox_Generic_LRM",
      "SimGameUID": null,
      "ComponentDefType": "AmmunitionBox",
      "HardpointSlot": -1,
      "GUID": null,
      "DamageLevel": "Functional",
      "prefabName": null,
      "hasPrefabName": false
    },
    {
      "MountedLocation": "RightTorso",
      "ComponentDefID": "Ammo_AmmunitionBox_Generic_MG",
      "SimGameUID": null,
      "ComponentDefType": "AmmunitionBox",
      "HardpointSlot": -1,
      "GUID": null,
      "DamageLevel": "Functional",
      "prefabName": null,
      "hasPrefabName": false
    },
    {
      "MountedLocation": "RightArm",
      "ComponentDefID": "Weapon_LRM_ALRM15_0-STOCK",
      "SimGameUID": null,
      "ComponentDefType": "Weapon",
      "HardpointSlot": 0,
      "GUID": null,
      "DamageLevel": "Functional",
      "prefabName": null,
      "hasPrefabName": false
    },
    {
      "MountedLocation": "RightArm",
      "ComponentDefID": "Weapon_Laser_MediumLaser_0-STOCK",
      "SimGameUID": null,
      "ComponentDefType": "Weapon",
      "HardpointSlot": 0,
      "GUID": null,
      "DamageLevel": "Functional",
      "prefabName": null,
      "hasPrefabName": false
    },
    {
      "MountedLocation": "RightArm",
      "ComponentDefID": "Weapon_MachineGun_MachineGun_0-STOCK",
      "SimGameUID": null,
      "ComponentDefType": "Weapon",
      "HardpointSlot": 1,
      "GUID": null,
      "DamageLevel": "Functional",
      "prefabName": null,
      "hasPrefabName": false
    },
    {
      "MountedLocation": "LeftLeg",
      "ComponentDefID": "Weapon_SRM_ASRM4_0-STOCK",
      "SimGameUID": null,
      "ComponentDefType": "Weapon",
      "HardpointSlot": 0,
      "GUID": null,
      "DamageLevel": "Functional",
      "prefabName": null,
      "hasPrefabName": false
    },
    {
      "MountedLocation": "RightLeg",
      "ComponentDefID": "Weapon_SRM_ASRM4_0-STOCK",
      "SimGameUID": null,
      "ComponentDefType": "Weapon",
      "HardpointSlot": 0,
      "GUID": null,
      "DamageLevel": "Functional",
      "prefabName": null,
      "hasPrefabName": false
    }
  ]
}