{
    "Name": "RoyalPack",
    "Enabled": true,

    "Version": "1.1.0",
    "Description": "Some new SLDF Royal mechs: SHD-2Hb, ARC-2Rb, WVR-7H, ST-8A, SPR-4F and Helm-tech SPR-5F",
    "Author": "Hounfor",
    "Manifest": [
	{ "Type": "ChassisDef", "Path": "chassis", "AddToDB": true },
	{ "Type": "MechDef", "Path": "mech", "AddToDB": true },
        { "Type": "ItemCollectionDef", "Path": "itemCollectionsAppend", "ShouldAppendText": true },
        { "Type": "Sprite", "Path": "portraits" },
	{ "Type": "UpgradeDef", "Path": "upgrades", "AddToDB": true }]
}