2ndFusiliers,,,,,,,
Collection:MarikA,0,,0,,0,,350
Salvage:Liao,25,,25,,25,,25
Salvage:Steiner,25,,25,,25,,25
Dates,3025-01-01T00:00:00Z,,3039-01-01T00:00:00Z,,3050-01-01T00:00:00Z,,3057-01-01T00:00:00Z
Lights,,,,,,,
mechdef_flea_FLE-14,23,,23,,13,,12
mechdef_stinger_STG-3R,152,,152,,150,,145
mechdef_wasp_WSP-1W,3,,3,,3,,3
mechdef_wasp_WSP-1A,230,,230,,227,,145
mechdef_wasp_WSP-3M,0,,0,,0,3051-01-01T00:00:00Z,44
mechdef_flea_FLE-15,6,,6,,5,,4
mechdef_flea_FLE-4,32,,32,,32,,31
mechdef_locust_LCT-1V,152,,152,,150,,144
mechdef_stinger_STG-5M,0,,0,,0,3050-01-01T00:00:00Z,44
mechdef_locust_LCT-3V,8,,8,,8,,8
mechdef_stinger_STG-3G,46,,46,,45,,44
mechdef_locust_LCT-3M,0,,0,,0,3050-01-01T00:00:00Z,44
mechdef_javelin_JVN-10N,23,,23,,23,,22
mechdef_ostscout_OTT-7J,23,,23,,23,,0
mechdef_hermes_HER-3S2,0,,0,3049-01-01T00:00:00Z,5,,0
mechdef_hermes_HER-1A,8,,8,,8,,8
mechdef_falcon_FLC-4N,5,,5,,5,,4
mechdef_spider_SDR-5V,73,,73,,73,,71
mechdef_hermes_HER-3S,0,,0,3047-01-01T00:00:00Z,8,,0
mechdef_hermes_HER-1B,5,,5,,5,,4
mechdef_firestarter_FS9-H,73,,73,,73,,71
mechdef_hermes_HER-3S1,0,,0,3049-01-01T00:00:00Z,6,,0
mechdef_mongoose_MON-67,8,,8,,8,,8
mechdef_firestarter_FS9-K,5,,5,,5,,5
mechdef_hammer_HMR-3M,0,,0,,0,3053-01-01T00:00:00Z,22
mechdef_javelin_JVN-10F,5,,5,,5,,4
Mediums,,,,,,,
mechdef_vulcan_VL-2T,45,,44,,41,,43
mechdef_cicada_CDA-2A,28,,28,,25,,27
mechdef_assassin_ASN-21,14,,14,,13,,13
mechdef_clint_CLNT-2-3T,3,,3,,3,,3
mechdef_hermesII_HER-2S,280,,276,,252,,178
mechdef_hermesII_HER-2M,16,,16,,14,,0
mechdef_vulcan_VL-5M,0,,0,,0,3050-01-01T00:00:00Z,8
mechdef_cicada_CDA-3M,0,,0,,0,3050-01-01T00:00:00Z,19
mechdef_hermesII_HER-5S,0,,0,,0,3050-01-01T00:00:00Z,54
mechdef_vulcan_VL-5T,5,,5,,5,,5
mechdef_centurion_CN9-A,14,,14,,13,,13
mechdef_whitworth_WTH-1,8,,8,,7,,5
mechdef_trebuchet_TBT-5S,8,,8,,7,,8
mechdef_wyvern_WVE-6N,5,,5,,5,,5
mechdef_phoenixhawk_PXH-1,140,,137,,127,,134
mechdef_hunchback_HBK-4G,92,,91,,84,,54
mechdef_hunchback_HBK-4SP,0,3025-09-01T00:00:00Z,8,,7,,8
mechdef_hunchback_HBK-5M,0,,0,3046-01-01T00:00:00Z,13,,19
mechdef_shadowhawk_SHD-2H,45,,44,,41,,43
mechdef_hunchback_HBK-4H,5,,5,,5,,5
mechdef_hunchback_HBK-4N,5,,5,,5,,5
mechdef_scorpion_SCP-1O,0,,0,3049-01-01T00:00:00Z,3,,3
mechdef_wolverine_WVR-6R,28,,28,,25,,27
mechdef_hunchback_HBK-4P,8,,8,,5,,5
mechdef_crab_CRB-20,5,,5,,5,,5
mechdef_hunchback_HBK-4J,5,,5,,5,,5
mechdef_dervish_DV-6M,14,,14,,13,,8
mechdef_trebuchet_TBT-5N,56,,55,,51,,43
mechdef_trebuchet_TBT-5J,28,,28,,25,,27
mechdef_griffin_GRF-1N,56,,55,,51,,54
mechdef_wolverine_WVR-6M,140,,138,,127,,135
mechdef_phoenixhawk_PXH-3M,0,,0,3048-01-01T00:00:00Z,18,,0
mechdef_cronus_CNS-3M,0,3031-01-01T00:00:00Z,5,,5,,5
mechdef_trebuchet_TBT-7M,0,,0,3048-01-01T00:00:00Z,18,,27
mechdef_shadowhawk_SHD-5M,0,,0,3048-01-01T00:00:00Z,18,,0
mechdef_griffin_GRF-3M,0,,0,3049-01-01T00:00:00Z,5,,27
mechdef_rifleman_RFL-2N,5,,5,,5,,5
Heavies,,,,,,,
mechdef_champion_CHP-2N,5,,5,,5,,6
mechdef_quickdraw_QKD-4G,59,,60,,45,,49
mechdef_quickdraw_QKD-5A,8,,8,,8,,9
mechdef_merlin_MLN-1A,3,,3,,3,,0
mechdef_rifleman_RFL-5M,0,,0,3049-01-01T00:00:00Z,8,,0
mechdef_ostroc_OSR-2C,20,,21,,20,,9
mechdef_ostroc_OSR-2L,3,,3,,3,,0
mechdef_ostroc_OSR-2M,8,,8,,8,,6
mechdef_quickdraw_QKD-4H,8,,8,,8,,9
mechdef_ostsol_OTL-5M,0,,0,,0,3050-01-01T00:00:00Z,9
mechdef_ostsol_OTL-4D,47,,48,,45,,6
mechdef_ostroc_OSR-3C,3,,3,,3,,3
mechdef_orion_ON1-V,15,,15,,14,,15
mechdef_warhammer_WHM-6R,97,,98,,93,,102
mechdef_crusader_CRD-3R,146,,149,,142,,102
mechdef_orion_ON1-VA,5,,5,,5,,6
mechdef_marauder_MAD-3M,18,,19,,18,,22
mechdef_thunderbolt_TDR-5S,97,,98,,93,,102
mechdef_archer_ARC-2W,3,,3,,3,,3
mechdef_exterminator_EXT-4A,15,3031-01-01T00:00:00Z,0,,0,,0
mechdef_marauder_MAD-3R,8,,8,,8,,9
mechdef_guillotine_GLT-4P,3,,3,,3,,3
mechdef_catapult_CPLT-C1,3,,3,,3,,3
mechdef_guillotine_GLT-4L,29,,30,,28,,31
mechdef_crusader_CRD-5M,0,,0,,0,3050-01-01T00:00:00Z,31
mechdef_blackknight_BL-7-KNT-L,3,,3,,3,,0
mechdef_orion_ON1-M,0,,0,3049-01-01T00:00:00Z,14,,0
mechdef_thunderbolt_TDR-5SE,3,,3,,3,,3
mechdef_grasshopper_GHR-5H,18,,19,,19,,19
mechdef_orion_ON1-K,146,,149,,142,,153
mechdef_blackknight_BL-7-KNT,3,,3,,3,,0
mechdef_stalker_STK-4P,5,,5,,5,,6
mechdef_marauder_MAD-5M,0,,0,,0,3051-01-01T00:00:00Z,22
mechdef_guillotine_GLT-5M,0,,0,3049-01-01T00:00:00Z,5,,9
mechdef_archer_ARC-2R,94,,94,,90,,102
mechdef_hercules_HRC-LS-9001,0,,0,,0,3056-01-01T00:00:00Z,6
mechdef_warhammer_WHM-7M,0,,0,3047-01-01T00:00:00Z,14,,0
mechdef_thunderbolt_TDR-7M,0,,0,3049-01-01T00:00:00Z,5,,0
mechdef_grasshopper_GHR-5N,0,,0,3040-01-01T00:00:00Z,5,,0
mechdef_archer_ARC-4M,0,,0,3049-01-01T00:00:00Z,5,,0
mechdef_orion_ON1-V-DC,2,,2,,2,,2
mechdef_marauder_MAD-3M-DC,2,,2,,2,,2
mechdef_rifleman_RFL-3M,8,,8,,8,,8
Assaults,,,,,,,
mechdef_cyclops_CP-10-Z,19,,19,,18,,4
mechdef_longbow_LGB-0W,124,,124,,117,,127
mechdef_victor_VTR-9B,19,,19,,18,,11
mechdef_banshee_BNC-3Q,11,,11,,12,,11
mechdef_annihilator_ANH-1A,3,,3,,3,,3
mechdef_goliath_GOL-1H,26,,26,,25,,27
mechdef_awesome_AWS-8R,38,,38,,35,,39
mechdef_striker_STC-2C,7,,7,,25,,11
mechdef_thug_THG-10E,75,,75,,71,,77
mechdef_awesome_AWS-8V,38,,38,,35,,39
mechdef_battlemaster_BLR-1G,75,,75,,71,,77
mechdef_goliath_GOL-3M,0,,0,3047-01-01T00:00:00Z,18,,0
mechdef_cyclops_CP-11-A,0,,0,3045-01-01T00:00:00Z,4,,4
mechdef_cyclops_CP-11-C,0,,0,3049-12-01T00:00:00Z,4,,4
mechdef_stalker_STK-4N,26,,26,,25,,27
mechdef_stalker_STK-3F,188,,188,,177,,193
mechdef_cyclops_CP-10-Q,7,,7,,6,,7
mechdef_awesome_AWS-8T,38,,38,,35,,39
mechdef_banshee_BNC-3M,11,,11,,10,,11
mechdef_awesome_AWS-8Q,124,,124,,117,,127
mechdef_longbow_LGB-7Q,38,,38,,35,,39
mechdef_stalker_STK-3H,26,,26,,25,,27
mechdef_battlemaster_BLR-3M,0,,0,3049-01-01T00:00:00Z,10,,0
mechdef_atlas_AS7-A,7,,7,,6,,0
mechdef_kingcrab_KGC-0000,4,,4,,4,,4
mechdef_awesome_AWS-9M,0,,0,,0,3049-01-01T00:00:00Z,11
mechdef_atlas_AS7-D,19,,19,,18,,18
mechdef_cyclops_CP-10-HQ,4,,4,,4,,0
mechdef_nightstar_NSR-7J,7,,7,,7,,7
mechdef_marauderII_MAD-4A,3,,3,,3,,3
mechdef_emperor_EMP-5A,3,,3,,3,,3
mechdef_pillager_PLG-1N,12,,12,,12,,7