GhostBear,,,,,
Collection:Wolf,25,,25,,25
Collection:JadeFalcon,6,,6,,6
Collection:SmokeJaguar,6,,6,,6
Collection:SteelViper,25,,25,,25
Collection:NovaCat,6,,6,,6
Collection:DiamondShark,6,,6,,6
,,,,,
Dates,3049-01-01T00:00:00Z,,3052-01-01T00:00:00Z,,3057-01-01T00:00:00Z
Lights,,,,,
mechdef_koshi_mist_lynx-A,30,,15,,15
mechdef_dasher_fire_moth-A,15,,15,,15
mechdef_dasher_fire_moth-C,30,,30,,30
mechdef_koshi_mist_lynx-D,7,,7,,7
mechdef_koshi_mist_lynx-PRIME,74,,37,,37
mechdef_dasher_fire_moth-B,59,,126,,126
mechdef_uller_kit_fox-PRIME,44,,59,,59
mechdef_uller_kit_fox-B,34,,19,,19
mechdef_uller_kit_fox-D,7,,7,,7
mechdef_uller_kit_fox-C,7,,7,,7
mechdef_koshi_mist_lynx-B,22,,22,,22
mechdef_dasher_fire_moth-PRIME,208,,148,,148
mechdef_puma_adder-D,15,,15,,15
mechdef_uller_kit_fox-A,15,,15,,15
mechdef_koshi_mist_lynx-C,15,,67,,67
mechdef_uller_kit_fox-S,3,,3,,3
mechdef_puma_adder-C,15,,15,,15
mechdef_puma_adder-B,59,,81,,81
mechdef_puma_adder-A,37,,15,,15
mechdef_puma_adder-PRIME,96,,96,,96
mechdef_dasher_fire_moth-D,133,,126,,126
mechdef_koshi_mist_lynx-E,0,,0,3054-01-01T00:00:00Z,3
mechdef_uller_kit_fox-E,0,,0,3054-01-01T00:00:00Z,3
mechdef_uller_kit_fox-G,0,,0,3054-01-01T00:00:00Z,3
Mediums,,,,,
mechdef_fenris_ice_ferret-A,28,,28,,28
mechdef_dragonfly_viper-C,55,,73,,73
mechdef_dragonfly_viper-PRIME,165,,46,,46
mechdef_black_hawk_nova-D,9,,9,,9
mechdef_fenris_ice_ferret-B,28,,28,,28
mechdef_black_hawk_nova-B,18,,9,,9
mechdef_fenris_ice_ferret-D,28,,28,,28
mechdef_fenris_ice_ferret-PRIME,55,,55,,55
mechdef_hunchback_IIC,55,,55,,55
mechdef_dragonfly_viper-D,64,,92,,92
mechdef_dragonfly_viper-B,18,,46,,46
mechdef_ryoken_stormcrow-D,18,,18,,18
mechdef_ryoken_stormcrow-C,64,,83,,83
mechdef_dragonfly_viper-A,64,,110,,110
mechdef_ryoken_stormcrow-PRIME,136,,135,,135
mechdef_ryoken_stormcrow-B,18,,18,,18
mechdef_ryoken_stormcrow-A,37,,18,,18
mechdef_black_hawk_nova-A,28,,28,,28
mechdef_black_hawk_nova-PRIME,37,,46,,46
mechdef_black_hawk_nova-E,0,,0,3054-01-01T00:00:00Z,3
mechdef_black_hawk_nova-S,0,3050-01-01T00:00:00Z,3,,3
mechdef_dragonfly_viper-E,0,,0,3054-01-01T00:00:00Z,3
mechdef_fenris_ice_ferret-E,0,,0,3056-01-01T00:00:00Z,3
mechdef_ryoken_stormcrow-E,0,,0,3054-01-01T00:00:00Z,3
Heavies,,,,,
mechdef_loki_hellbringer-B,15,,15,,15
mechdef_vulture_mad_dog-C,54,,31,,31
mechdef_vulture_mad_dog-A,92,,54,,54
mechdef_loki_hellbringer-A,54,,31,,31
mechdef_thor_summoner-A,46,,15,,15
mechdef_mad_cat_timber_wolf-B,31,,15,,15
mechdef_vulture_mad_dog-B,92,,139,,139
mechdef_thor_summoner-PRIME,77,,39,,39
mechdef_vulture_mad_dog-PRIME,225,,239,,239
mechdef_thor_summoner-C,15,,39,,39
mechdef_mad_cat_timber_wolf-C,15,,8,,8
mechdef_thor_summoner-D,15,,62,,62
mechdef_loki_hellbringer-PRIME,85,,108,,108
mechdef_mad_cat_timber_wolf-D,8,,15,,15
mechdef_mad_cat_timber_wolf-PRIME,62,,46,,46
mechdef_mad_cat_timber_wolf-A,39,,69,,69
mechdef_loki_hellbringer-C,0,,0,3054-01-01T00:00:00Z,3
mechdef_loki_hellbringer-F,0,,0,3054-01-01T00:00:00Z,3
mechdef_mad_cat_timber_wolf-E,0,,0,3054-01-01T00:00:00Z,3
mechdef_mad_cat_timber_wolf-S,0,3050-01-01T00:00:00Z,3,,3
mechdef_vulture_mad_dog-D,0,,0,3054-01-01T00:00:00Z,3
mechdef_sun_spider-PRIME,0,3050-01-01T00:00:00Z,1,,2
mechdef_sun_spider-A,0,3050-01-01T00:00:00Z,1,,2
mechdef_sun_spider-C,0,3050-01-01T00:00:00Z,1,,2
Assaults,,,,,
mechdef_manowar_gargoyle-PRIME,100,,42,,42
mechdef_naga-C,2,,2,,2
mechdef_naga-PRIME,15,,14,,14
mechdef_naga-D,2,,2,,2
mechdef_naga-A,2,,2,,2
mechdef_naga-B,5,,5,,5
mechdef_manowar_gargoyle-B,17,,17,,17
mechdef_kingfisher-A,25,,17,,17
mechdef_masakari_warhawk-B,25,,17,,17
mechdef_kingfisher-D,17,,17,,17
mechdef_masakari_warhawk-A,25,,17,,17
mechdef_kingfisher-PRIME,50,,67,,67
mechdef_manowar_gargoyle-C,50,,67,,67
mechdef_kingfisher-B,25,,17,,17
mechdef_daishi_dire_wolf-B,8,,8,,8
mechdef_kingfisher-C,8,,8,,8
mechdef_manowar_gargoyle-A,83,,125,,125
mechdef_gladiator_executioner-D,50,,91,,91
mechdef_daishi_dire_wolf-PRIME,33,,33,,33
mechdef_gladiator_executioner-PRIME,158,,125,,125
mechdef_daishi_dire_wolf-A,25,,25,,25
mechdef_gladiator_executioner-B,75,,25,,25
mechdef_masakari_warhawk-C,17,,33,,33
mechdef_gladiator_executioner-A,50,,91,,91
mechdef_masakari_warhawk-PRIME,58,,58,,58
mechdef_daishi_dire_wolf-C,0,,0,3054-01-01T00:00:00Z,3
mechdef_daishi_dire_wolf-S,0,3050-01-01T00:00:00Z,3,,3
mechdef_daishi_dire_wolf-W,3,,3,,3
mechdef_manowar_gargoyle-D,3,,3,,3
mechdef_masakari_warhawk-D,0,,0,3054-01-01T00:00:00Z,3
mechdef_kodiak-1,3,,3,,67
mechdef_kodiak-5,0,,0,,17
mechdef_marauder_IIC,2,,2,,8
mechdef_highlander_IIC,2,,2,,3