{
  "Description": {
    "Cost": 4350000,
    "Rarity": 5,
    "Purchasable": true,
    "Manufacturer": "",
    "Model": "",
    "UIName": "Hoplite",
    "Id": "chassisdef_hoplite_HOP-4D",
    "Name": "Hoplite",
    "Details": "Conceived by Martinson Armaments of Terra in 2578 as an infantry support 'Mech, the Hoplite first saw service with the newly formed Star League Defense Force during the Reunification War before being relegated to Terran Hegemony militia units in the twenty-seventh century.\r\n\r\nIntended for infantry support, the Hoplite is slow for a medium 'Mech with a top speed of only 64.8 km/h. However its eleven and a half tons of armor and heavy arsenal, both impressive for a 'Mech of its size, makes the Hoplite a rugged machine able to fight its way out of most situations using superior firepower.",
    "Icon": "uixTxrIcon_hoplite"
  },
  "MovementCapDefID": "movedef_centurion_CN9-A",
  "PathingCapDefID": "pathingdef_medium",
  "HardpointDataDefID": "hardpointdatadef_hoplite",
  "PrefabIdentifier": "chrprfmech_hoplitebase-001",
  "PrefabBase": "hoplite",
  "Tonnage": 55,
  "InitialTonnage": 21.5,
  "weightClass": "MEDIUM",
  "BattleValue": 5171000,
  "Heatsinks": 0,
  "TopSpeed": 80,
  "TurnRadius": 90,
  "MaxJumpjets": 3,
  "Stability": 130,
  "StabilityDefenses": [
    0,
    0,
    0,
    0,
    0,
    0
  ],
  "SpotterDistanceMultiplier": 1,
  "VisibilityMultiplier": 1,
  "SensorRangeMultiplier": 1,
  "Signature": 0,
  "Radius": 5,
  "PunchesWithLeftArm": false,
  "MeleeDamage": 50,
  "MeleeInstability": 55,
  "MeleeToHitModifier": -2,
  "DFADamage": 70,
  "DFAToHitModifier": 0,
  "DFASelfDamage": 70,
  "DFAInstability": 70,
  "Locations": [
    {
      "Location": "Head",
      "Hardpoints": [],
      "Tonnage": 0,
      "InventorySlots": 1,
      "MaxArmor": 45,
      "MaxRearArmor": -1,
      "InternalStructure": 16
    },
    {
      "Location": "LeftArm",
      "Hardpoints": [
        {
          "WeaponMount": "Missile",
          "Omni": false
        },
        {
          "WeaponMount": "Missile",
          "Omni": false
        },
        {
          "WeaponMount": "Missile",
          "Omni": false
        }
      ],
      "Tonnage": 0,
      "InventorySlots": 8,
      "MaxArmor": 90,
      "MaxRearArmor": -1,
      "InternalStructure": 45
    },
    {
      "Location": "LeftTorso",
      "Hardpoints": [
        {
          "WeaponMount": "Energy",
          "Omni": false
        },
        {
          "WeaponMount": "AntiPersonnel",
          "Omni": false
        }
      ],
      "Tonnage": 0,
      "InventorySlots": 10,
      "MaxArmor": 130,
      "MaxRearArmor": 65,
      "InternalStructure": 65
    },
    {
      "Location": "CenterTorso",
      "Hardpoints": [],
      "Tonnage": 0,
      "InventorySlots": 4,
      "MaxArmor": 180,
      "MaxRearArmor": 90,
      "InternalStructure": 90
    },
    {
      "Location": "RightTorso",
      "Hardpoints": [
        {
          "WeaponMount": "Energy",
          "Omni": false
        },
        {
          "WeaponMount": "AntiPersonnel",
          "Omni": false
        }
      ],
      "Tonnage": 0,
      "InventorySlots": 10,
      "MaxArmor": 130,
      "MaxRearArmor": 65,
      "InternalStructure": 65
    },
    {
      "Location": "RightArm",
      "Hardpoints": [
        {
          "WeaponMount": "Ballistic",
          "Omni": false
        }
      ],
      "Tonnage": 0,
      "InventorySlots": 8,
      "MaxArmor": 90,
      "MaxRearArmor": -1,
      "InternalStructure": 45
    },
    {
      "Location": "LeftLeg",
      "Hardpoints": [],
      "Tonnage": 0,
      "InventorySlots": 4,
      "MaxArmor": 130,
      "MaxRearArmor": -1,
      "InternalStructure": 65
    },
    {
      "Location": "RightLeg",
      "Hardpoints": [],
      "Tonnage": 0,
      "InventorySlots": 4,
      "MaxArmor": 130,
      "MaxRearArmor": -1,
      "InternalStructure": 65
    }
  ],
  "LOSSourcePositions": [
    {
      "x": 0,
      "y": 14.5,
      "z": 0
    },
    {
      "x": 4,
      "y": 15,
      "z": -1
    },
    {
      "x": -4,
      "y": 15,
      "z": -1
    }
  ],
  "LOSTargetPositions": [
    {
      "x": 0,
      "y": 14.5,
      "z": 0
    },
    {
      "x": 4,
      "y": 15,
      "z": 0
    },
    {
      "x": -4,
      "y": 15,
      "z": 0
    },
    {
      "x": 3.5,
      "y": 5.5,
      "z": -1
    },
    {
      "x": -3.5,
      "y": 5.5,
      "z": -1
    }
  ],
  "VariantName": "HOP-4D",
  "ChassisTags": {
    "items": [
		"mech_quirk_nominimalarms",
		"mech_quirk_notorsotwist"
    ],
    "tagSetSourceFile": ""
  },
  "StockRole": "Sniper",
  "YangsThoughts": "The 4D Hoplite is a refit from the Wolf's Dragoons, which carries a Mydron Excel LB-X Autocannon/10 with an additional ton of ammunition instead of the usual autocannon. Quite a good model considering the reliability of this chassis.",
  "FixedEquipment": []
}