{
    "Description": {
        "Cost": 10900000,
        "Rarity": 5,
        "Purchasable": true,
        "Manufacturer": "",
        "Model": "",
        "UIName": "Shootist",
        "Id": "chassisdef_shootist_ST-8A",
        "Name": "Shootist",
        "Details": "The Shootist first saw service in 2621 as a heavily armored, electronic warfare-capable command 'Mech for SLDF Royal BattleMech Regiments. However, the Shootist's upgraded electronic suites proved no match for the cutting edge of electronic warfare of its own time. When the BattleMaster eclipsed the Shootist in its intended role as a command vehicle merely ten years after its introduction, the SLDF changed the Shootist's mission parameters. The Shootist's balanced mix of weapons and speed along with its heavy armor allowed it a new role: juggernaut for close-combat heavy lances. Later it found further use as a bodyguard unit for command lances. However, this role did not prove favorable to the longevity of the Shootist.",
        "Icon": "uixTxrIcon_shootist"
    },
    "MovementCapDefID": "movedef_archer_ARC-2R",
    "PathingCapDefID": "pathingdef_heavy",
    "HardpointDataDefID": "hardpointdatadef_shootist",
    "PrefabIdentifier": "chrprfmech_shootistbase-001",
    "PrefabBase": "shootist",
    "Tonnage": 70,
    "InitialTonnage": 29.5,
    "weightClass": "HEAVY",
    "BattleValue": 7602000,
    "Heatsinks": 10,
    "TopSpeed": 120,
    "TurnRadius": 90,
    "MaxJumpjets": 0,
    "Stability": 160,
    "StabilityDefenses": [
        0,
        0,
        0,
        0,
        0,
        0
    ],
    "SpotterDistanceMultiplier": 1,
    "VisibilityMultiplier": 1,
    "SensorRangeMultiplier": 1,
    "Signature": 0,
    "Radius": 8,
    "PunchesWithLeftArm": false,
    "MeleeDamage": 90,
    "MeleeInstability": 70,
    "MeleeToHitModifier": 0,
    "DFADamage": 90,
    "DFAToHitModifier": 0,
    "DFASelfDamage": 90,
    "DFAInstability": 90,
    "Locations": [
        {
            "Location": "Head",
            "Hardpoints": [
                {
                    "WeaponMount": "AntiPersonnel",
                    "Omni": false
                }
            ],
            "Tonnage": 0,
            "InventorySlots": 1,
            "MaxArmor": 45,
            "MaxRearArmor": -1,
            "InternalStructure": 16
        },
        {
            "Location": "LeftArm",
            "Hardpoints": [
                {
                    "WeaponMount": "Ballistic",
                    "Omni": false
                },
                {
                    "WeaponMount": "Ballistic",
                    "Omni": false
                }
            ],
            "Tonnage": 0,
            "InventorySlots": 8,
            "MaxArmor": 110,
            "MaxRearArmor": -1,
            "InternalStructure": 55
        },
        {
            "Location": "LeftTorso",
            "Hardpoints": [
                {
                    "WeaponMount": "Energy",
                    "Omni": false
                }
            ],
            "Tonnage": 0,
            "InventorySlots": 10,
            "MaxArmor": 150,
            "MaxRearArmor": 75,
            "InternalStructure": 75
        },
        {
            "Location": "CenterTorso",
            "Hardpoints": [
                {
                    "WeaponMount": "Energy",
                    "Omni": false
                }
            ],
            "Tonnage": 0,
            "InventorySlots": 4,
            "MaxArmor": 220,
            "MaxRearArmor": 110,
            "InternalStructure": 110
        },
        {
            "Location": "RightTorso",
            "Hardpoints": [
                {
                    "WeaponMount": "Energy",
                    "Omni": false
                }
            ],
            "Tonnage": 0,
            "InventorySlots": 10,
            "MaxArmor": 150,
            "MaxRearArmor": 75,
            "InternalStructure": 75
        },
        {
            "Location": "RightArm",
            "Hardpoints": [
                {
                    "WeaponMount": "Energy",
                    "Omni": false
                }
            ],
            "Tonnage": 0,
            "InventorySlots": 8,
            "MaxArmor": 110,
            "MaxRearArmor": -1,
            "InternalStructure": 55
        },
        {
            "Location": "LeftLeg",
            "Hardpoints": [],
            "Tonnage": 0,
            "InventorySlots": 4,
            "MaxArmor": 150,
            "MaxRearArmor": -1,
            "InternalStructure": 75
        },
        {
            "Location": "RightLeg",
            "Hardpoints": [],
            "Tonnage": 0,
            "InventorySlots": 4,
            "MaxArmor": 150,
            "MaxRearArmor": -1,
            "InternalStructure": 75
        }
    ],
    "LOSSourcePositions": [
        {
            "x": 0,
            "y": 18,
            "z": 0
        },
        {
            "x": 4,
            "y": 17,
            "z": 0
        },
        {
            "x": -4,
            "y": 17,
            "z": 0
        }
    ],
    "LOSTargetPositions": [
        {
            "x": 0,
            "y": 18,
            "z": 0
        },
        {
            "x": 4,
            "y": 17,
            "z": 0
        },
        {
            "x": -4,
            "y": 17,
            "z": 0
        },
        {
            "x": 3,
            "y": 5,
            "z": 0
        },
        {
            "x": -3,
            "y": 5,
            "z": 0
        }
    ],
    "VariantName": "ST-8A",
    "ChassisTags": {
        "items": [
                        "chassis_DHS",
                        "chassis_ferro",
			"mech_case_left",
			"mech_quirk_commandmech"
		],
        "tagSetSourceFile": ""
    },
    "StockRole": "Juggernaut",
    "YangsThoughts": "Rare find, boss. The Shootist accelerates to 64.8 km/h, carries twelve tons of ferro-fibrous armor with CASE to protect the 'Mech from ammunition explosions and thirteen double heatsinks. For ranged combat, it’s armed with a Blankenburg ER Large Laser, but the Shootist's primary weapon is the devastating Deathgiver AC/20 autocannon, which is capable of knocking down most light and even a few medium 'Mechs in a single salvo. Finally, two medium pulse lasers and a small laser are mounted for point-blank protection.",
    "FixedEquipment" : [
        {
            "MountedLocation" : "LeftTorso",
            "ComponentDefID" : "Gear_FerroFibrous_2_Slot",
            "SimGameUID" : "",
            "ComponentDefType" : "Upgrade",
            "HardpointSlot" : -1,
            "IsFixed" : true,
            "GUID" : null,
            "DamageLevel" : "Functional",
            "prefabName" : null,
            "hasPrefabName" : false
        },
        {
            "MountedLocation" : "CenterTorso",
            "ComponentDefID" : "Gear_FerroFibrous_1_Slot",
            "SimGameUID" : "",
            "ComponentDefType" : "Upgrade",
            "HardpointSlot" : -1,
            "IsFixed" : true,
            "GUID" : null,
            "DamageLevel" : "Functional",
            "prefabName" : null,
            "hasPrefabName" : false
        },
        {
            "MountedLocation" : "RightTorso",
            "ComponentDefID" : "Gear_FerroFibrous_4_Slot",
            "SimGameUID" : "",
            "ComponentDefType" : "Upgrade",
            "HardpointSlot" : -1,
            "IsFixed" : true,
            "GUID" : null,
            "DamageLevel" : "Functional",
            "prefabName" : null,
            "hasPrefabName" : false
        },
        {
            "MountedLocation" : "RightArm",
            "ComponentDefID" : "Gear_FerroFibrous_2_Slot",
            "SimGameUID" : "",
            "ComponentDefType" : "Upgrade",
            "HardpointSlot" : -1,
            "IsFixed" : true,
            "GUID" : null,
            "DamageLevel" : "Functional",
            "prefabName" : null,
            "hasPrefabName" : false
        },
        {
            "MountedLocation" : "LeftLeg",
            "ComponentDefID" : "Gear_FerroFibrous_2_Slot",
            "SimGameUID" : "",
            "ComponentDefType" : "Upgrade",
            "HardpointSlot" : -1,
            "IsFixed" : true,
            "GUID" : null,
            "DamageLevel" : "Functional",
            "prefabName" : null,
            "hasPrefabName" : false
        },
        {
            "MountedLocation" : "RightLeg",
            "ComponentDefID" : "Gear_FerroFibrous_2_Slot",
            "SimGameUID" : "",
            "ComponentDefType" : "Upgrade",
            "HardpointSlot" : -1,
            "IsFixed" : true,
            "GUID" : null,
            "DamageLevel" : "Functional",
            "prefabName" : null,
            "hasPrefabName" : false
        }
    ]
}