{
  "Description": {
    "Cost": 4270000,
    "Rarity": 3,
    "Purchasable": true,
    "Manufacturer": "",
    "Model": "",
    "UIName": "Kyudo",
    "Id": "chassisdef_kyudo_KY2-D-02",
    "Name": "Kyudo",
    "Details": "The Kyudo was developed by Martinson Armaments early in the history of BattleMechs, having been unveiled in 2443. The Terran Hegemony purchased the design that was intended to support the Mackie, as it was cheaper than that 'Mech. The -02 is an upgrade that dates to 2625. Martinson was destroyed during the Amaris Civil War and the Kyudo faded into obscurity.\r\n\r\nThe 45-ton 'Mech tops out at 86 km/h. It is protected by eight tons of Ferro-Fibrous armor and has CASE to protect the MechWarrior in the event of an ammunition explosion. Ten double heat sinks make heat a secondary concern.",
    "Icon": "uixTxrIcon_vindicator"
  },
  "MovementCapDefID": "movedef_valkyrie_VLK-QA",
  "PathingCapDefID": "pathingdef_medium",
  "HardpointDataDefID": "hardpointdatadef_vindicator",
  "PrefabIdentifier": "chrPrfMech_vindicatorBase-001",
  "PrefabBase": "vindicator",
  "Tonnage": 45,
  "InitialTonnage": 19,
  "weightClass": "MEDIUM",
  "BattleValue": 4252000,
  "Heatsinks": 10,
  "TopSpeed": 120,
  "TurnRadius": 90,
  "MaxJumpjets": 0,
  "Stability": 130,
  "StabilityDefenses": [
    0,
    0,
    0,
    0,
    0,
    0
  ],
  "SpotterDistanceMultiplier": 1,
  "VisibilityMultiplier": 1,
  "SensorRangeMultiplier": 1,
  "Signature": 0,
  "Radius": 5,
  "PunchesWithLeftArm": true,
  "MeleeDamage": 55,
  "MeleeInstability": 45,
  "MeleeToHitModifier": 0,
  "DFADamage": 55,
  "DFAToHitModifier": 0,
  "DFASelfDamage": 55,
  "DFAInstability": 55,
  "Locations": [
    {
      "Location": "Head",
      "Hardpoints": [],
      "Tonnage": 0,
      "InventorySlots": 1,
      "MaxArmor": 45,
      "MaxRearArmor": -1,
      "InternalStructure": 16
    },
    {
      "Location": "LeftArm",
      "Hardpoints": [],
      "Tonnage": 0,
      "InventorySlots": 8,
      "MaxArmor": 70,
      "MaxRearArmor": -1,
      "InternalStructure": 35
    },
    {
      "Location": "LeftTorso",
      "Hardpoints": [
        {
          "WeaponMount": "Missile",
          "Omni": false
        },
        {
          "WeaponMount": "Missile",
          "Omni": false
        }
      ],
      "Tonnage": 0,
      "InventorySlots": 10,
      "MaxArmor": 110,
      "MaxRearArmor": 55,
      "InternalStructure": 55
    },
    {
      "Location": "CenterTorso",
      "Hardpoints": [],
      "Tonnage": 0,
      "InventorySlots": 4,
      "MaxArmor": 140,
      "MaxRearArmor": 70,
      "InternalStructure": 70
    },
    {
      "Location": "RightTorso",
      "Hardpoints": [],
      "Tonnage": 0,
      "InventorySlots": 10,
      "MaxArmor": 110,
      "MaxRearArmor": 55,
      "InternalStructure": 55
    },
    {
      "Location": "RightArm",
      "Hardpoints": [
        {
          "WeaponMount": "Energy",
          "Omni": false
        },
        {
          "WeaponMount": "Energy",
          "Omni": false
        }
      ],
      "Tonnage": 0,
      "InventorySlots": 8,
      "MaxArmor": 70,
      "MaxRearArmor": -1,
      "InternalStructure": 35
    },
    {
      "Location": "LeftLeg",
      "Hardpoints": [],
      "Tonnage": 0,
      "InventorySlots": 4,
      "MaxArmor": 110,
      "MaxRearArmor": -1,
      "InternalStructure": 55
    },
    {
      "Location": "RightLeg",
      "Hardpoints": [],
      "Tonnage": 0,
      "InventorySlots": 4,
      "MaxArmor": 110,
      "MaxRearArmor": -1,
      "InternalStructure": 55
    }
  ],
  "LOSSourcePositions": [
    {
      "x": 0,
      "y": 14,
      "z": 0
    },
    {
      "x": 3.5,
      "y": 13,
      "z": 0
    },
    {
      "x": -3.5,
      "y": 13,
      "z": 0
    }
  ],
  "LOSTargetPositions": [
    {
      "x": 0,
      "y": 14,
      "z": 0
    },
    {
      "x": 3.5,
      "y": 13,
      "z": 0
    },
    {
      "x": -3.5,
      "y": 13,
      "z": 0
    },
    {
      "x": 3,
      "y": 5,
      "z": 0
    },
    {
      "x": -3,
      "y": 5,
      "z": 0
    }
  ],
  "VariantName": "KY2-D-02",
  "ChassisTags": {
    "items": [
      "chassis_DHS",
      "chassis_endo",
      "chassis_ferro",
      "mech_case_left",
      "mech_quirk_easytopilot",
      "mech_quirk_exposedactuators"
    ],
    "tagSetSourceFile": ""
  },
  "StockRole": "Sniper",
  "YangsThoughts": "Nice upgrade of the original Kyudo. As a support 'Mech, it mounts a Conan/20 LRM-20 that is guided by an Artemis IV Fire Control System. This enables it to provide both direct and indirect fire support. To back it up, the -02 model has a single Sorenstein ER Large Laser that is as effective in close as it is downrange. Finally, it also carries more armor and accelerates to 86.4 km/h.",
  "FixedEquipment": [
    {
      "MountedLocation" : "LeftArm",
      "ComponentDefID" : "Gear_EndoFerroCombo_2_Slot",
      "SimGameUID" : "",
      "ComponentDefType" : "Upgrade",
      "HardpointSlot" : -1,
      "IsFixed" : true,
      "GUID" : null,
      "DamageLevel" : "Functional",
      "prefabName" : null,
      "hasPrefabName" : false
    },
    {
      "MountedLocation" : "LeftTorso",
      "ComponentDefID" : "Gear_EndoFerroCombo_3_Slot",
      "SimGameUID" : "",
      "ComponentDefType" : "Upgrade",
      "HardpointSlot" : -1,
      "IsFixed" : true,
      "GUID" : null,
      "DamageLevel" : "Functional",
      "prefabName" : null,
      "hasPrefabName" : false
    },
    {
      "MountedLocation" : "CenterTorso",
      "ComponentDefID" : "Gear_EndoFerroCombo_1_Slot",
      "SimGameUID" : "",
      "ComponentDefType" : "Upgrade",
      "HardpointSlot" : -1,
      "IsFixed" : true,
      "GUID" : null,
      "DamageLevel" : "Functional",
      "prefabName" : null,
      "hasPrefabName" : false
    },
    {
      "MountedLocation" : "RightTorso",
      "ComponentDefID" : "Gear_EndoFerroCombo_7_Slot",
      "SimGameUID" : "",
      "ComponentDefType" : "Upgrade",
      "HardpointSlot" : -1,
      "IsFixed" : true,
      "GUID" : null,
      "DamageLevel" : "Functional",
      "prefabName" : null,
      "hasPrefabName" : false
    },
    {
      "MountedLocation" : "RightArm",
      "ComponentDefID" : "Gear_EndoFerroCombo_4_Slot",
      "SimGameUID" : "",
      "ComponentDefType" : "Upgrade",
      "HardpointSlot" : -1,
      "IsFixed" : true,
      "GUID" : null,
      "DamageLevel" : "Functional",
      "prefabName" : null,
      "hasPrefabName" : false
    },
    {
      "MountedLocation" : "LeftLeg",
      "ComponentDefID" : "Gear_EndoFerroCombo_4_Slot",
      "SimGameUID" : "",
      "ComponentDefType" : "Upgrade",
      "HardpointSlot" : -1,
      "IsFixed" : true,
      "GUID" : null,
      "DamageLevel" : "Functional",
      "prefabName" : null,
      "hasPrefabName" : false
    },
    {
      "MountedLocation" : "RightLeg",
      "ComponentDefID" : "Gear_EndoFerroCombo_4_Slot",
      "SimGameUID" : "",
      "ComponentDefType" : "Upgrade",
      "HardpointSlot" : -1,
      "IsFixed" : true,
      "GUID" : null,
      "DamageLevel" : "Functional",
      "prefabName" : null,
      "hasPrefabName" : false
    }
  ]
}