{
  "Description": {
    "Cost": 15600000,
    "Rarity": 5,
    "Purchasable": true,
    "Manufacturer": "",
    "Model": "",
    "UIName": "Warhammer",
    "Id": "chassisdef_warhammer_WHM-6Rk",
    "Name": "Warhammer",
    "Details": "A Star League era variant produced by the Draconis Combine, this Warhammer used an XL Engine to both increase speed and free weight. The replacement of eighteen standard with fifteen double heat sinks helped deal with the heat generated by the weapons, while the rest of the free weight was dedicated to increasing its armor. It possesses the standard weapons of the WHM-6R, but moves at a top speed of 86 km/h and carries thirteen tons of armor.",
    "Icon": "uixTxrIcon_warhammer"
  },
  "MovementCapDefID": "movedef_thunder_THR-1L",
  "PathingCapDefID": "pathingdef_heavy",
  "HardpointDataDefID": "hardpointdatadef_warhammer",
  "PrefabIdentifier": "chrPrfMech_warhammerBase-001",
  "PrefabBase": "warhammer",
  "Tonnage": 70,
  "InitialTonnage": 29,
  "weightClass": "HEAVY",
  "BattleValue": 6577000,
  "Heatsinks": 10,
  "TopSpeed": 120,
  "TurnRadius": 90,
  "MaxJumpjets": 0,
  "Stability": 200,
  "StabilityDefenses": [
    0,
    0,
    0,
    0,
    0,
    0
  ],
  "SpotterDistanceMultiplier": 1,
  "VisibilityMultiplier": 1,
  "SensorRangeMultiplier": 1,
  "Signature": 0,
  "Radius": 8,
  "PunchesWithLeftArm": false,
  "MeleeDamage": 65,
  "MeleeInstability": 70,
  "MeleeToHitModifier": 0,
  "DFADamage": 90,
  "DFAToHitModifier": 0,
  "DFASelfDamage": 90,
  "DFAInstability": 90,
  "Locations": [
    {
      "Location": "Head",
      "Hardpoints": [],
      "Tonnage": 0,
      "InventorySlots": 1,
      "MaxArmor": 45,
      "MaxRearArmor": -1,
      "InternalStructure": 16
    },
    {
      "Location": "LeftArm",
      "Hardpoints": [
        {
          "WeaponMount": "Energy",
          "Omni": false
        }
      ],
      "Tonnage": 0,
      "InventorySlots": 8,
      "MaxArmor": 110,
      "MaxRearArmor": -1,
      "InternalStructure": 55
    },
    {
      "Location": "LeftTorso",
      "Hardpoints": [
        {
          "WeaponMount": "Energy",
          "Omni": false
        },
        {
          "WeaponMount": "AntiPersonnel",
          "Omni": false
        },
        {
          "WeaponMount": "AntiPersonnel",
          "Omni": false
        }
      ],
      "Tonnage": 0,
      "InventorySlots": 10,
      "MaxArmor": 150,
      "MaxRearArmor": 75,
      "InternalStructure": 75
    },
    {
      "Location": "CenterTorso",
      "Hardpoints": [],
      "Tonnage": 0,
      "InventorySlots": 4,
      "MaxArmor": 220,
      "MaxRearArmor": 110,
      "InternalStructure": 110
    },
    {
      "Location": "RightTorso",
      "Hardpoints": [
        {
          "WeaponMount": "Energy",
          "Omni": false
        },
        {
          "WeaponMount": "Missile",
          "Omni": false
        },
        {
          "WeaponMount": "AntiPersonnel",
          "Omni": false
        },
        {
          "WeaponMount": "AntiPersonnel",
          "Omni": false
        }
      ],
      "Tonnage": 0,
      "InventorySlots": 10,
      "MaxArmor": 150,
      "MaxRearArmor": 75,
      "InternalStructure": 75
    },
    {
      "Location": "RightArm",
      "Hardpoints": [
        {
          "WeaponMount": "Energy",
          "Omni": false
        }
      ],
      "Tonnage": 0,
      "InventorySlots": 8,
      "MaxArmor": 110,
      "MaxRearArmor": -1,
      "InternalStructure": 55
    },
    {
      "Location": "LeftLeg",
      "Hardpoints": [],
      "Tonnage": 0,
      "InventorySlots": 4,
      "MaxArmor": 150,
      "MaxRearArmor": -1,
      "InternalStructure": 75
    },
    {
      "Location": "RightLeg",
      "Hardpoints": [],
      "Tonnage": 0,
      "InventorySlots": 4,
      "MaxArmor": 150,
      "MaxRearArmor": -1,
      "InternalStructure": 75
    }
  ],
  "LOSSourcePositions": [
    {
      "x": 0,
      "y": 15,
      "z": 1
    },
    {
      "x": 4,
      "y": 14,
      "z": 0
    },
    {
      "x": -4,
      "y": 14,
      "z": 0
    }
  ],
  "LOSTargetPositions": [
    {
      "x": 0,
      "y": 15,
      "z": 1
    },
    {
      "x": 4,
      "y": 14,
      "z": 0
    },
    {
      "x": -4,
      "y": 14,
      "z": 0
    },
    {
      "x": 2.5,
      "y": 5,
      "z": 1
    },
    {
      "x": -2.5,
      "y": 5,
      "z": 1
    }
  ],
  "VariantName": "WHM-6Rk",
  "ChassisTags": {
    "items": [
      "chassis_DHS",
      "mech_quirk_rugged2",
      "mech_quirk_searchlight_LT",
      "mech_quirk_stable"
    ],
    "tagSetSourceFile": ""
  },
  "StockRole": "Brawler",
  "YangsThoughts": "The original WHM-6Rk ‘mechs are practically extinct in the Inner Sphere these days, and there are only a handful of surviving ones. But with the knowledge from the Helm Memory Core, we can reconfigure a 6R into one of these. The weapons loadout is the same as the 6R, except it has three additional tons of armor, a top speed of 86.4 km/h, and fifteen Double Heat Sinks. Be careful with the side torsos: XL Engines are light, but extremely fragile.",
  "FixedEquipment": [
    {
      "MountedLocation": "CenterTorso",
      "ComponentDefID": "Gear_XL_Engine",
      "SimGameUID": "",
      "ComponentDefType": "Upgrade",
      "HardpointSlot": -1,
      "IsFixed": true,
      "GUID": null,
      "DamageLevel": "Functional",
      "prefabName": null,
      "hasPrefabName": false
    },
    {
      "MountedLocation": "CenterTorso",
      "ComponentDefID": "Gear_XL_Engine",
      "SimGameUID": "",
      "ComponentDefType": "Upgrade",
      "HardpointSlot": -1,
      "IsFixed": true,
      "GUID": null,
      "DamageLevel": "Functional",
      "prefabName": null,
      "hasPrefabName": false
    },
    {
      "MountedLocation": "CenterTorso",
      "ComponentDefID": "Gear_General_Optimized_Capacitors",
      "SimGameUID": "",
      "ComponentDefType": "Upgrade",
      "HardpointSlot": -1,
      "IsFixed": true,
      "GUID": null,
      "DamageLevel": "Functional",
      "prefabName": null,
      "hasPrefabName": false
    }
  ]
}