{
  "MechTags": {
    "items": [
      "unit_mech",
      "unit_medium",
      "unit_speed_low",
      "unit_range_long",
      "unit_armor_high",
      "unit_lance_tank",
      "unit_lance_vanguard",
      "unit_role_sniper",
      "unit_indirectFire",
      "unit_release"
    ],
    "tagSetSourceFile": ""
  },
  "ChassisID": "chassisdef_hoplite_HOP-4B",
  "HeraldryID": null,
  "Description": {
    "Cost": 6320000,
    "Rarity": 5,
    "Purchasable": true,
    "Manufacturer": null,
    "Model": null,
    "UIName": "Hoplite HOP-4B",
    "Id": "mechdef_hoplite_HOP-4B",
    "Name": "Hoplite",
        "Details": "Conceived by Martinson Armaments of Terra in 2578 as an infantry support 'Mech, the Hoplite first saw service with the newly formed Star League Defense Force during the Reunification War before being relegated to Terran Hegemony militia units in the twenty-seventh century.\r\n\r\nIntended for infantry support, the Hoplite is slow for a medium 'Mech with a top speed of only 64.8 km/h. However its eleven and a half tons of armor and heavy arsenal, both impressive for a 'Mech of its size, makes the Hoplite a rugged machine able to fight its way out of most situations using superior firepower.",
        "Icon": "uixTxrIcon_hoplite"
  },
  "simGameMechPartCost": 632000,
  "Version": 1,
  "Locations": [
    {
      "DamageLevel": "Functional",
      "Location": "Head",
      "CurrentArmor": 45,
      "CurrentRearArmor": -1,
      "CurrentInternalStructure": 16,
      "AssignedArmor": 45,
      "AssignedRearArmor": -1
    },
    {
      "DamageLevel": "Functional",
      "Location": "LeftArm",
      "CurrentArmor": 90,
      "CurrentRearArmor": -1,
      "CurrentInternalStructure": 45,
      "AssignedArmor": 90,
      "AssignedRearArmor": -1
    },
    {
      "DamageLevel": "Functional",
      "Location": "LeftTorso",
      "CurrentArmor": 90,
      "CurrentRearArmor": 40,
      "CurrentInternalStructure": 65,
      "AssignedArmor": 90,
      "AssignedRearArmor": 40
    },
    {
      "DamageLevel": "Functional",
      "Location": "CenterTorso",
      "CurrentArmor": 130,
      "CurrentRearArmor": 45,
      "CurrentInternalStructure": 90,
      "AssignedArmor": 130,
      "AssignedRearArmor": 45
    },
    {
      "DamageLevel": "Functional",
      "Location": "RightTorso",
      "CurrentArmor": 90,
      "CurrentRearArmor": 40,
      "CurrentInternalStructure": 65,
      "AssignedArmor": 90,
      "AssignedRearArmor": 40
    },
    {
      "DamageLevel": "Functional",
      "Location": "RightArm",
      "CurrentArmor": 90,
      "CurrentRearArmor": -1,
      "CurrentInternalStructure": 45,
      "AssignedArmor": 90,
      "AssignedRearArmor": -1
    },
    {
      "DamageLevel": "Functional",
      "Location": "LeftLeg",
      "CurrentArmor": 130,
      "CurrentRearArmor": -1,
      "CurrentInternalStructure": 65,
      "AssignedArmor": 130,
      "AssignedRearArmor": -1
    },
    {
      "DamageLevel": "Functional",
      "Location": "RightLeg",
      "CurrentArmor": 130,
      "CurrentRearArmor": -1,
      "CurrentInternalStructure": 65,
      "AssignedArmor": 130,
      "AssignedRearArmor": -1
    }
  ],
  "inventory": [
    {
      "MountedLocation": "LeftArm",
      "ComponentDefID": "Weapon_LRM_LRM15_0-STOCK",
      "SimGameUID": null,
      "ComponentDefType": "Weapon",
      "HardpointSlot": 0,
      "GUID": null,
      "DamageLevel": "Functional",
      "prefabName": null,
      "hasPrefabName": false
    },
    {
      "MountedLocation": "LeftTorso",
      "ComponentDefID": "Ammo_AmmunitionBox_Generic_LRM",
      "SimGameUID": null,
      "ComponentDefType": "AmmunitionBox",
      "HardpointSlot": -1,
      "GUID": null,
      "DamageLevel": "Functional",
      "prefabName": null,
      "hasPrefabName": false
    },
    {
      "MountedLocation": "LeftTorso",
      "ComponentDefID": "Ammo_AmmunitionBox_Generic_LRM",
      "SimGameUID": null,
      "ComponentDefType": "AmmunitionBox",
      "HardpointSlot": -1,
      "GUID": null,
      "DamageLevel": "Functional",
      "prefabName": null,
      "hasPrefabName": false
    },
    {
      "MountedLocation": "RightTorso",
      "ComponentDefID": "Gear_HeatSink_Generic_Standard",
      "SimGameUID": null,
      "ComponentDefType": "HeatSink",
      "HardpointSlot": -1,
      "GUID": null,
      "DamageLevel": "Functional",
      "prefabName": null,
      "hasPrefabName": false
    },
    {
      "MountedLocation": "RightTorso",
      "ComponentDefID": "Gear_HeatSink_Generic_Standard",
      "SimGameUID": null,
      "ComponentDefType": "HeatSink",
      "HardpointSlot": -1,
      "GUID": null,
      "DamageLevel": "Functional",
      "prefabName": null,
      "hasPrefabName": false
    },
    {
      "MountedLocation": "RightArm",
      "ComponentDefID": "Weapon_PPC_PPC_0-STOCK",
      "SimGameUID": null,
      "ComponentDefType": "Weapon",
      "HardpointSlot": 0,
      "GUID": null,
      "DamageLevel": "Functional",
      "prefabName": null,
      "hasPrefabName": false
    },
    {
      "MountedLocation": "LeftLeg",
      "ComponentDefID": "Gear_HeatSink_Generic_Standard",
      "SimGameUID": null,
      "ComponentDefType": "HeatSink",
      "HardpointSlot": -1,
      "GUID": null,
      "DamageLevel": "Functional",
      "prefabName": null,
      "hasPrefabName": false
    },
    {
      "MountedLocation": "LeftLeg",
      "ComponentDefID": "Gear_HeatSink_Generic_Standard",
      "SimGameUID": null,
      "ComponentDefType": "HeatSink",
      "HardpointSlot": -1,
      "GUID": null,
      "DamageLevel": "Functional",
      "prefabName": null,
      "hasPrefabName": false
    },
    {
      "MountedLocation": "RightLeg",
      "ComponentDefID": "Gear_HeatSink_Generic_Standard",
      "SimGameUID": null,
      "ComponentDefType": "HeatSink",
      "HardpointSlot": -1,
      "GUID": null,
      "DamageLevel": "Functional",
      "prefabName": null,
      "hasPrefabName": false
    },
    {
      "MountedLocation": "RightLeg",
      "ComponentDefID": "Gear_HeatSink_Generic_Standard",
      "SimGameUID": null,
      "ComponentDefType": "HeatSink",
      "HardpointSlot": -1,
      "GUID": null,
      "DamageLevel": "Functional",
      "prefabName": null,
      "hasPrefabName": false
    }
  ]
}