{
  "MechTags": {
    "items": [
      "unit_mech",
      "unit_assault",
      "unit_range_long",
      "unit_armor_high",
      "unit_lance_tank",
      "unit_role_brawler",
      "unit_role_sniper",
      "unit_range_long",
      "unit_armor_high",
      "unit_ready",
      "unit_release",
      "unit_LosTech"
    ],
    "tagSetSourceFile": ""
  },
  "ChassisID": "chassisdef_pillager_PLG-3Z",
  "HeraldryID": null,
  "Description": {
    "Cost": 30495000,
    "Rarity": 5,
    "Purchasable": true,
    "Manufacturer": null,
    "Model": null,
    "UIName": "Pillager PLG-3Z",
    "Id": "mechdef_pillager_PLG-3Z",
    "Name": "Pillager",
    "Details": "The largest BattleMech ever built by HildCo Interplanetary, the Pillager is built as a larger version of the Victor, and is intended for assaulting urban centers and hardened fortifications. These design parameters were paramount as the SLDF mobilized to wage the Reunification War. Later Pillagers were upgraded with more cutting-edge Star League technology. Production of the Pillager halted not because its facility was destroyed, but the advanced Gauss Rifle and XL Engine production lines had been obliterated by the end of the Second Succession War.",
    "Icon": "uixTxrIcon_kodiak"
  },
  "simGameMechPartCost": 3049500,
  "Version": 1,
  "Locations": [
    {
      "DamageLevel": "Functional",
      "Location": "Head",
      "CurrentArmor": 45,
      "CurrentRearArmor": -1,
      "CurrentInternalStructure": 16,
      "AssignedArmor": 45,
      "AssignedRearArmor": -1
    },
    {
      "DamageLevel": "Functional",
      "Location": "LeftArm",
      "CurrentArmor": 170,
      "CurrentRearArmor": -1,
      "CurrentInternalStructure": 85,
      "AssignedArmor": 170,
      "AssignedRearArmor": -1
    },
    {
      "DamageLevel": "Functional",
      "Location": "LeftTorso",
      "CurrentArmor": 170,
      "CurrentRearArmor": 50,
      "CurrentInternalStructure": 105,
      "AssignedArmor": 170,
      "AssignedRearArmor": 50
    },
    {
      "DamageLevel": "Functional",
      "Location": "CenterTorso",
      "CurrentArmor": 265,
      "CurrentRearArmor": 50,
      "CurrentInternalStructure": 155,
      "AssignedArmor": 265,
      "AssignedRearArmor": 50
    },
    {
      "DamageLevel": "Functional",
      "Location": "RightTorso",
      "CurrentArmor": 170,
      "CurrentRearArmor": 50,
      "CurrentInternalStructure": 105,
      "AssignedArmor": 170,
      "AssignedRearArmor": 50
    },
    {
      "DamageLevel": "Functional",
      "Location": "RightArm",
      "CurrentArmor": 170,
      "CurrentRearArmor": -1,
      "CurrentInternalStructure": 85,
      "AssignedArmor": 170,
      "AssignedRearArmor": -1
    },
    {
      "DamageLevel": "Functional",
      "Location": "LeftLeg",
      "CurrentArmor": 210,
      "CurrentRearArmor": -1,
      "CurrentInternalStructure": 105,
      "AssignedArmor": 210,
      "AssignedRearArmor": -1
    },
    {
      "DamageLevel": "Functional",
      "Location": "RightLeg",
      "CurrentArmor": 210,
      "CurrentRearArmor": -1,
      "CurrentInternalStructure": 105,
      "AssignedArmor": 210,
      "AssignedRearArmor": -1
    }
  ],
  "inventory": [
    {
      "MountedLocation": "Head",
      "ComponentDefID": "Weapon_Laser_MediumLaser_0-STOCK",
      "SimGameUID": null,
      "ComponentDefType": "Weapon",
      "HardpointSlot": 0,
      "GUID": null,
      "DamageLevel": "Functional",
      "prefabName": null,
      "hasPrefabName": false
    },
    {
      "MountedLocation": "LeftArm",
      "ComponentDefID": "Weapon_Laser_MediumLaser_0-STOCK",
      "SimGameUID": null,
      "ComponentDefType": "Weapon",
      "HardpointSlot": 1,
      "GUID": null,
      "DamageLevel": "Functional",
      "prefabName": null,
      "hasPrefabName": false
    },
    {
      "MountedLocation": "LeftArm",
      "ComponentDefID": "Weapon_Laser_MediumLaser_0-STOCK",
      "SimGameUID": null,
      "ComponentDefType": "Weapon",
      "HardpointSlot": 1,
      "GUID": null,
      "DamageLevel": "Functional",
      "prefabName": null,
      "hasPrefabName": false
    },
    {
      "MountedLocation": "LeftArm",
      "ComponentDefID": "Gear_HeatSink_Generic_Double",
      "SimGameUID": null,
      "ComponentDefType": "HeatSink",
      "HardpointSlot": -1,
      "GUID": null,
      "DamageLevel": "Functional",
      "prefabName": null,
      "hasPrefabName": false
    },
    {
      "MountedLocation": "LeftTorso",
      "ComponentDefID": "Weapon_Gauss_Gauss_Sa_0-STOCK",
      "SimGameUID": null,
      "ComponentDefType": "Weapon",
      "HardpointSlot": 1,
      "GUID": null,
      "DamageLevel": "Functional",
      "prefabName": null,
      "hasPrefabName": false
    },
    {
      "MountedLocation": "LeftTorso",
      "ComponentDefID": "Ammo_AmmunitionBox_Generic_GAUSS",
      "SimGameUID": null,
      "ComponentDefType": "AmmunitionBox",
      "HardpointSlot": 1,
      "GUID": null,
      "DamageLevel": "Functional",
      "prefabName": null,
      "hasPrefabName": false
    },
    {
      "MountedLocation": "LeftTorso",
      "ComponentDefID": "Ammo_AmmunitionBox_Generic_GAUSS",
      "SimGameUID": null,
      "ComponentDefType": "AmmunitionBox",
      "HardpointSlot": 1,
      "GUID": null,
      "DamageLevel": "Functional",
      "prefabName": null,
      "hasPrefabName": false
    },
    {
      "MountedLocation": "CenterTorso",
      "ComponentDefID": "Weapon_Laser_MediumLaser_0-STOCK",
      "SimGameUID": null,
      "ComponentDefType": "Weapon",
      "HardpointSlot": -1,
      "GUID": null,
      "DamageLevel": "Functional",
      "prefabName": null,
      "hasPrefabName": false
    },
    {
      "MountedLocation": "CenterTorso",
      "ComponentDefID": "Gear_JumpJet_Generic_Assault",
      "SimGameUID": null,
      "ComponentDefType": "JumpJet",
      "HardpointSlot": -1,
      "GUID": null,
      "DamageLevel": "Functional",
      "prefabName": null,
      "hasPrefabName": false
    },
    {
      "MountedLocation": "RightTorso",
      "ComponentDefID": "Weapon_Gauss_Gauss_Sa_0-STOCK",
      "SimGameUID": null,
      "ComponentDefType": "Weapon",
      "HardpointSlot": 0,
      "GUID": null,
      "DamageLevel": "Functional",
      "prefabName": null,
      "hasPrefabName": false
    },
    {
      "MountedLocation": "RightTorso",
      "ComponentDefID": "Ammo_AmmunitionBox_Generic_GAUSS",
      "SimGameUID": null,
      "ComponentDefType": "AmmunitionBox",
      "HardpointSlot": 1,
      "GUID": null,
      "DamageLevel": "Functional",
      "prefabName": null,
      "hasPrefabName": false
    },
    {
      "MountedLocation": "RightTorso",
      "ComponentDefID": "Ammo_AmmunitionBox_Generic_GAUSS",
      "SimGameUID": null,
      "ComponentDefType": "AmmunitionBox",
      "HardpointSlot": 1,
      "GUID": null,
      "DamageLevel": "Functional",
      "prefabName": null,
      "hasPrefabName": false
    },
    {
      "MountedLocation": "RightArm",
      "ComponentDefID": "Weapon_Laser_LargeLaser_0-STOCK",
      "SimGameUID": null,
      "ComponentDefType": "Weapon",
      "HardpointSlot": 1,
      "GUID": null,
      "DamageLevel": "Functional",
      "prefabName": null,
      "hasPrefabName": false
    },
    {
      "MountedLocation": "RightArm",
      "ComponentDefID": "Gear_HeatSink_Generic_Double",
      "SimGameUID": null,
      "ComponentDefType": "HeatSink",
      "HardpointSlot": -1,
      "GUID": null,
      "DamageLevel": "Functional",
      "prefabName": null,
      "hasPrefabName": false
    },
    {
      "MountedLocation": "LeftLeg",
      "ComponentDefID": "Ammo_AmmunitionBox_Generic_GAUSS",
      "SimGameUID": null,
      "ComponentDefType": "AmmunitionBox",
      "HardpointSlot": -1,
      "GUID": null,
      "DamageLevel": "Functional",
      "prefabName": null,
      "hasPrefabName": false
    },
    {
      "MountedLocation": "RightLeg",
      "ComponentDefID": "Ammo_AmmunitionBox_Generic_GAUSS",
      "SimGameUID": null,
      "ComponentDefType": "AmmunitionBox",
      "HardpointSlot": -1,
      "GUID": null,
      "DamageLevel": "Functional",
      "prefabName": null,
      "hasPrefabName": false
    }
  ]
}