{
  "Description": {
    "Cost": 13960000,
    "Rarity": 5,
    "Purchasable": true,
    "Manufacturer": "",
    "Model": "",
    "UIName": "Archer",
    "Id": "chassisdef_archer_ARC-5CS",
    "Name": "Archer",
    "Details": "Developed by ComStar for the Battle of Tukayyid, this Archer variant uses an VOX 280 XL Engine and Endo Steel skeleton to free weight, trading durability for enhanced firepower. Protected by eleven and a half tons of armor, it carries two Holly LRM-15s with Artemis IV FCS in each side torso, allowing it to outgun even the venerable Longbow. The arms carry the typical Diverse Optics Type 18 Medium Laser, and the rear-firing lasers are removed.",
    "Icon": "uixTxrIcon_archer"
  },
  "MovementCapDefID": "movedef_archer_ARC-2R",
  "PathingCapDefID": "pathingdef_assault",
  "HardpointDataDefID": "hardpointdatadef_archer",
  "PrefabIdentifier": "chrPrfMech_archerBase-001",
  "PrefabBase": "archer",
  "Tonnage": 70,
  "InitialTonnage": 18.5,
  "weightClass": "HEAVY",
  "Heatsinks": 16,
  "MaxJumpjets": 0,
  "Stability": 200,
  "StabilityDefenses": [
    0,
    0,
    0,
    0,
    0,
    0
  ],
  "SpotterDistanceMultiplier": 1,
  "VisibilityMultiplier": 1,
  "SensorRangeMultiplier": 1,
  "Signature": 0,
  "Radius": 8,
  "PunchesWithLeftArm": false,
  "MeleeDamage": 105,
  "MeleeInstability": 70,
  "MeleeToHitModifier": -2,
  "DFADamage": 90,
  "DFAToHitModifier": 0,
  "DFASelfDamage": 90,
  "DFAInstability": 90,
  "Locations": [
    {
      "Location": "Head",
      "Hardpoints": [],
      "Tonnage": 0,
      "InventorySlots": 1,
      "MaxArmor": 45,
      "MaxRearArmor": -1,
      "InternalStructure": 16
    },
    {
      "Location": "LeftArm",
      "Hardpoints": [
        {
          "WeaponMount": "Energy",
          "Omni": false
        },
        {
          "WeaponMount": "AntiPersonnel",
          "Omni": false
        }
      ],
      "Tonnage": 0,
      "InventorySlots": 8,
      "MaxArmor": 110,
      "MaxRearArmor": -1,
      "InternalStructure": 55
    },
    {
      "Location": "LeftTorso",
      "Hardpoints": [
        {
          "WeaponMount": "Missile",
          "Omni": false
        },
        {
          "WeaponMount": "Missile",
          "Omni": false
        }
      ],
      "Tonnage": 0,
      "InventorySlots": 10,
      "MaxArmor": 150,
      "MaxRearArmor": 75,
      "InternalStructure": 75
    },
    {
      "Location": "CenterTorso",
      "Hardpoints": [
        {
          "WeaponMount": "Energy",
          "Omni": false
        },
        {
          "WeaponMount": "Energy",
          "Omni": false
        }
      ],
      "Tonnage": 0,
      "InventorySlots": 4,
      "MaxArmor": 220,
      "MaxRearArmor": 110,
      "InternalStructure": 110
    },
    {
      "Location": "RightTorso",
      "Hardpoints": [
        {
          "WeaponMount": "Missile",
          "Omni": false
        },
        {
          "WeaponMount": "Missile",
          "Omni": false
        }
      ],
      "Tonnage": 0,
      "InventorySlots": 10,
      "MaxArmor": 150,
      "MaxRearArmor": 75,
      "InternalStructure": 75
    },
    {
      "Location": "RightArm",
      "Hardpoints": [
        {
          "WeaponMount": "Energy",
          "Omni": false
        },
        {
          "WeaponMount": "AntiPersonnel",
          "Omni": false
        }
      ],
      "Tonnage": 0,
      "InventorySlots": 8,
      "MaxArmor": 110,
      "MaxRearArmor": -1,
      "InternalStructure": 55
    },
    {
      "Location": "LeftLeg",
      "Hardpoints": [],
      "Tonnage": 0,
      "InventorySlots": 4,
      "MaxArmor": 150,
      "MaxRearArmor": -1,
      "InternalStructure": 75
    },
    {
      "Location": "RightLeg",
      "Hardpoints": [],
      "Tonnage": 0,
      "InventorySlots": 4,
      "MaxArmor": 150,
      "MaxRearArmor": -1,
      "InternalStructure": 75
    }
  ],
  "LOSSourcePositions": [
    {
      "x": 0,
      "y": 15,
      "z": -1
    },
    {
      "x": 4,
      "y": 14,
      "z": -0.5
    },
    {
      "x": -4,
      "y": 14,
      "z": -0.5
    }
  ],
  "LOSTargetPositions": [
    {
      "x": 0,
      "y": 15,
      "z": -1
    },
    {
      "x": 4,
      "y": 14,
      "z": -0.5
    },
    {
      "x": -4,
      "y": 14,
      "z": -0.5
    },
    {
      "x": 2.5,
      "y": 5,
      "z": 1
    },
    {
      "x": -2.5,
      "y": 5,
      "z": 1
    }
  ],
  "VariantName": "ARC-5CS",
  "ChassisTags": {
    "items": [
      "chassis_DHS",
      "chassis_endo",
      "mech_quirk_battlefists",
      "mech_quirk_commandmech",
      "mech_quirk_stable"
    ],
    "tagSetSourceFile": ""
  },
  "YangsThoughts": "This is one of the Archers refitted by ComStar for the Battle of Tukayyid. Quite an interesting model, it carries four LRM-15 launchers with integrated with Artemis IV FCS and two medium lasers. The main drawback is that due to the installation of the XL Engine, most of the ammunition had to be placed in the legs, so the 'Mech was quite vulnerable to the elementals.",
  "StockRole": "__/CHASSISDEF_ARCHER_ARC-2R.STOCKROLE/__",
  "FixedEquipment": [
    {
      "MountedLocation" : "LeftTorso",
      "ComponentDefID" : "Gear_XL_Engine",
      "SimGameUID" : "",
      "ComponentDefType" : "Upgrade",
      "HardpointSlot" : -1,
      "IsFixed" : true,
      "GUID" : null,
      "DamageLevel" : "Functional",
      "prefabName" : null,
      "hasPrefabName" : false
    },
    {
      "MountedLocation" : "RightTorso",
      "ComponentDefID" : "Gear_XL_Engine",
      "SimGameUID" : "",
      "ComponentDefType" : "Upgrade",
      "HardpointSlot" : -1,
      "IsFixed" : true,
      "GUID" : null,
      "DamageLevel" : "Functional",
      "prefabName" : null,
      "hasPrefabName" : false
    },
    {
      "MountedLocation" : "LeftArm",
      "ComponentDefID" : "Gear_EndoSteel_6_Slot",
      "SimGameUID" : "",
      "ComponentDefType" : "Upgrade",
      "HardpointSlot" : -1,
      "IsFixed" : true,
      "GUID" : null,
      "DamageLevel" : "Functional",
      "prefabName" : null,
      "hasPrefabName" : false
    },
    {
      "MountedLocation" : "CenterTorso",
      "ComponentDefID" : "Gear_EndoSteel_1_Slot",
      "SimGameUID" : "",
      "ComponentDefType" : "Upgrade",
      "HardpointSlot" : -1,
      "IsFixed" : true,
      "GUID" : null,
      "DamageLevel" : "Functional",
      "prefabName" : null,
      "hasPrefabName" : false
    },
    {
      "MountedLocation" : "RightArm",
      "ComponentDefID" : "Gear_EndoSteel_6_Slot",
      "SimGameUID" : "",
      "ComponentDefType" : "Upgrade",
      "HardpointSlot" : -1,
      "IsFixed" : true,
      "GUID" : null,
      "DamageLevel" : "Functional",
      "prefabName" : null,
      "hasPrefabName" : false
    }
  ]
}