{
  "ChassisID": "chassisdef_hammerhands_HMH-4D",
  "HeraldryID": null,
  "Description": {
    "Cost": 7780000,
    "Rarity": 4,
    "Purchasable": true,
    "Manufacturer": null,
    "Model": null,
    "UIName": "Hammerhands HMH-4D",
    "Id": "mechdef_hammerhands_HMH-4D",
    "Name": "Hammerhands",
    "Details": "A solution to both Davion MechWarriors early dislike of jump jets and desire for decreased reliance upon supply chains, the 4D strips out the jump jets and SRM-6 rack for a single PPC.",
    "Icon": "uixTxrIcon_battleaxe"
  },
  "simGameMechPartCost": 778000,
  "Version": 1,
  "Locations": [
    {
      "DamageLevel": "Functional",
      "Location": "Head",
      "CurrentArmor": 45,
      "CurrentRearArmor": -1,
      "CurrentInternalStructure": 16,
      "AssignedArmor": 45,
      "AssignedRearArmor": -1
    },
    {
      "DamageLevel": "Functional",
      "Location": "LeftArm",
      "CurrentArmor": 100,
      "CurrentRearArmor": -1,
      "CurrentInternalStructure": 60,
      "AssignedArmor": 100,
      "AssignedRearArmor": -1
    },
    {
      "DamageLevel": "Functional",
      "Location": "LeftTorso",
      "CurrentArmor": 100,
      "CurrentRearArmor": 25,
      "CurrentInternalStructure": 80,
      "AssignedArmor": 100,
      "AssignedRearArmor": 25
    },
    {
      "DamageLevel": "Functional",
      "Location": "CenterTorso",
      "CurrentArmor": 150,
      "CurrentRearArmor": 45,
      "CurrentInternalStructure": 115,
      "AssignedArmor": 150,
      "AssignedRearArmor": 45
    },
    {
      "DamageLevel": "Functional",
      "Location": "RightTorso",
      "CurrentArmor": 100,
      "CurrentRearArmor": 25,
      "CurrentInternalStructure": 80,
      "AssignedArmor": 100,
      "AssignedRearArmor": 25
    },
    {
      "DamageLevel": "Functional",
      "Location": "RightArm",
      "CurrentArmor": 100,
      "CurrentRearArmor": -1,
      "CurrentInternalStructure": 60,
      "AssignedArmor": 100,
      "AssignedRearArmor": -1
    },
    {
      "DamageLevel": "Functional",
      "Location": "LeftLeg",
      "CurrentArmor": 115,
      "CurrentRearArmor": -1,
      "CurrentInternalStructure": 80,
      "AssignedArmor": 115,
      "AssignedRearArmor": -1
    },
    {
      "DamageLevel": "Functional",
      "Location": "RightLeg",
      "CurrentArmor": 116,
      "CurrentRearArmor": -1,
      "CurrentInternalStructure": 80,
      "AssignedArmor": 115,
      "AssignedRearArmor": -1
    }
  ],
  "inventory": [
    {
      "MountedLocation": "LeftArm",
      "ComponentDefID": "Weapon_Autocannon_AC10_0-STOCK",
      "SimGameUID": null,
      "ComponentDefType": "Weapon",
      "HardpointSlot": 0,
      "GUID": null,
      "DamageLevel": "Functional",
      "prefabName": null,
      "hasPrefabName": false
    },
    {
      "MountedLocation": "LeftArm",
      "ComponentDefID": "Weapon_Laser_MediumLaser_0-STOCK",
      "SimGameUID": null,
      "ComponentDefType": "Weapon",
      "HardpointSlot": -1,
      "GUID": null,
      "DamageLevel": "Functional",
      "prefabName": null,
      "hasPrefabName": false
    },
    {
      "MountedLocation": "LeftArm",
      "ComponentDefID": "Ammo_AmmunitionBox_Generic_AC10",
      "SimGameUID": null,
      "ComponentDefType": "AmmunitionBox",
      "HardpointSlot": -1,
      "GUID": null,
      "DamageLevel": "Functional",
      "prefabName": null,
      "hasPrefabName": false
    },
    {
      "MountedLocation": "LeftTorso",
      "ComponentDefID": "Ammo_AmmunitionBox_Generic_AC10",
      "SimGameUID": null,
      "ComponentDefType": "AmmunitionBox",
      "HardpointSlot": -1,
      "GUID": null,
      "DamageLevel": "Functional",
      "prefabName": null,
      "hasPrefabName": false
    },
    {
      "MountedLocation": "RightTorso",
      "ComponentDefID": "Weapon_PPC_PPC_0-STOCK",
      "SimGameUID": null,
      "ComponentDefType": "Weapon",
      "HardpointSlot": 0,
      "GUID": null,
      "DamageLevel": "Functional",
      "prefabName": null,
      "hasPrefabName": false
    },
    {
      "MountedLocation": "RightTorso",
      "ComponentDefID": "Ammo_AmmunitionBox_Generic_AC10",
      "SimGameUID": null,
      "ComponentDefType": "AmmunitionBox",
      "HardpointSlot": -1,
      "GUID": null,
      "DamageLevel": "Functional",
      "prefabName": null,
      "hasPrefabName": false
    },
    {
      "MountedLocation": "RightArm",
      "ComponentDefID": "Weapon_Autocannon_AC10_0-STOCK",
      "SimGameUID": null,
      "ComponentDefType": "Weapon",
      "HardpointSlot": 0,
      "GUID": null,
      "DamageLevel": "Functional",
      "prefabName": null,
      "hasPrefabName": false
    },
    {
      "MountedLocation": "RightArm",
      "ComponentDefID": "Weapon_Laser_MediumLaser_0-STOCK",
      "SimGameUID": null,
      "ComponentDefType": "Weapon",
      "HardpointSlot": -1,
      "GUID": null,
      "DamageLevel": "Functional",
      "prefabName": null,
      "hasPrefabName": false
    },
    {
      "MountedLocation": "RightArm",
      "ComponentDefID": "Ammo_AmmunitionBox_Generic_AC10",
      "SimGameUID": null,
      "ComponentDefType": "AmmunitionBox",
      "HardpointSlot": -1,
      "GUID": null,
      "DamageLevel": "Functional",
      "prefabName": null,
      "hasPrefabName": false
    },
    {
      "MountedLocation": "LeftLeg",
      "ComponentDefID": "Gear_HeatSink_Generic_Standard",
      "SimGameUID": null,
      "ComponentDefType": "HeatSink",
      "HardpointSlot": -1,
      "GUID": null,
      "DamageLevel": "Functional",
      "prefabName": null,
      "hasPrefabName": false
    },
    {
      "MountedLocation": "RightLeg",
      "ComponentDefID": "Gear_HeatSink_Generic_Standard",
      "SimGameUID": null,
      "ComponentDefType": "HeatSink",
      "HardpointSlot": -1,
      "GUID": null,
      "DamageLevel": "Functional",
      "prefabName": null,
      "hasPrefabName": false
    }
],
  "MechTags": {
    "items": [
      "unit_mech",
      "unit_heavy",
      "unit_release",
      "unit_ready",
      "unit_role_brawler",
      "unit_range_medium",
      "unit_speed_low",
      "unit_armor_high",
      "unit_common",
      "Davion",
      "unit_lance_tank"
    ],
    "tagSetSourceFile": ""
  }
}