SteelViper,,,,,
Collection:Wolf,5,,5,,5
Collection:JadeFalcon,50,,50,,50
Collection:SmokeJaguar,5,,5,,5
Collection:SteelViper,5,,5,,5
Collection:NovaCat,5,,5,,5
Collection:DiamondShark,5,,5,,5
,,,,,
Dates,3049-01-01T00:00:00Z,,3052-01-01T00:00:00Z,,3057-01-01T00:00:00Z
Lights,,,,,
mechdef_koshi_mist_lynx-A,66,,66,,66
mechdef_dasher_fire_moth-A,9,,9,,9
mechdef_dasher_fire_moth-C,38,,38,,38
mechdef_koshi_mist_lynx-D,19,,19,,19
mechdef_koshi_mist_lynx-PRIME,143,,143,,143
mechdef_hankyu_arctic_cheetah-B,9,,9,,9
mechdef_uller_kit_fox-PRIME,57,,57,,57
mechdef_uller_kit_fox-B,44,,44,,44
mechdef_hankyu_arctic_cheetah-A,19,,19,,19
mechdef_uller_kit_fox-D,9,,9,,9
mechdef_uller_kit_fox-C,9,,9,,9
mechdef_koshi_mist_lynx-B,47,,47,,47
mechdef_dasher_fire_moth-PRIME,95,,95,,95
mechdef_puma_adder-D,47,,47,,47
mechdef_hankyu_arctic_cheetah-D,9,,9,,9
mechdef_uller_kit_fox-A,19,,19,,19
mechdef_koshi_mist_lynx-C,9,,9,,9
mechdef_hankyu_arctic_cheetah-PRIME,28,,28,,28
mechdef_uller_kit_fox-S,4,,4,,4
mechdef_puma_adder-C,47,,47,,47
mechdef_puma_adder-B,47,,47,,47
mechdef_puma_adder-A,95,,95,,95
mechdef_hankyu_arctic_cheetah-C,9,,9,,9
mechdef_puma_adder-PRIME,47,,47,,47
mechdef_koshi_mist_lynx-E,0,,0,3054-01-01T00:00:00Z,3
mechdef_uller_kit_fox-E,0,,0,3054-01-01T00:00:00Z,3
mechdef_uller_kit_fox-G,0,,0,3054-01-01T00:00:00Z,3
mechdef_jenner_IIC,2,,2,,6
mechdef_jenner_IIC-2,1,,1,,3
mechdef_jenner_IIC-3,1,,1,,3
mechdef_piranha-1,0,3051-01-01T00:00:00Z,3,,6
Mediums,,,,,
mechdef_fenris_ice_ferret-C,6,,6,,6
mechdef_fenris_ice_ferret-A,12,,12,,12
mechdef_dragonfly_viper-C,12,,12,,12
mechdef_dragonfly_viper-PRIME,31,,31,,31
mechdef_black_hawk_nova-D,6,,6,,6
mechdef_fenris_ice_ferret-B,12,,12,,12
mechdef_battle_cobra-A,92,,92,,92
mechdef_battle_cobra-PRIME,183,,183,,183
mechdef_black_hawk_nova-C,6,,6,,6
mechdef_black_hawk_nova-B,12,,12,,12
mechdef_fenris_ice_ferret-D,18,,18,,18
mechdef_fenris_ice_ferret-PRIME,43,,43,,43
mechdef_hunchback_IIC,37,,37,,37
mechdef_dragonfly_viper-D,18,,18,,18
mechdef_dragonfly_viper-B,12,,12,,12
mechdef_ryoken_stormcrow-D,37,,37,,37
mechdef_battle_cobra-B,92,,92,,92
mechdef_dragonfly_viper-A,18,,18,,18
mechdef_ryoken_stormcrow-PRIME,31,,31,,31
mechdef_shadow_cat-PRIME,43,,43,,43
mechdef_shadow_cat-A,25,,25,,25
mechdef_ryoken_stormcrow-B,37,,37,,37
mechdef_ryoken_stormcrow-A,80,,80,,80
mechdef_shadow_cat-B,25,,25,,25
mechdef_black_hawk_nova-A,12,,12,,12
mechdef_black_hawk_nova-PRIME,25,,25,,25
mechdef_black_hawk_nova-E,0,,0,3054-01-01T00:00:00Z,3
mechdef_black_hawk_nova-S,0,3050-01-01T00:00:00Z,3,,3
mechdef_dragonfly_viper-E,0,,0,3054-01-01T00:00:00Z,3
mechdef_fenris_ice_ferret-E,0,,0,3056-01-01T00:00:00Z,3
mechdef_ryoken_stormcrow-E,0,,0,3054-01-01T00:00:00Z,3
mechdef_goshawk_vapor_eagle-1,2,,2,,25
mechdef_goshawk_vapor_eagle-2,2,,2,,12
Heavies,,,,,
mechdef_loki_hellbringer-B,21,,21,,21
mechdef_crossbow-B,85,,85,,85
mechdef_crossbow-A,43,,43,,43
mechdef_crossbow-PRIME,157,,157,,157
mechdef_vulture_mad_dog-C,85,,85,,85
mechdef_vulture_mad_dog-A,43,,43,,43
mechdef_loki_hellbringer-A,50,,50,,50
mechdef_thor_summoner-A,36,,36,,36
mechdef_thor_summoner-B,28,,28,,28
mechdef_mad_cat_timber_wolf-B,28,,28,,28
mechdef_vulture_mad_dog-B,43,,43,,43
mechdef_thor_summoner-PRIME,50,,50,,50
mechdef_vulture_mad_dog-PRIME,43,,43,,43
mechdef_thor_summoner-C,14,,14,,14
mechdef_mad_cat_timber_wolf-C,21,,21,,21
mechdef_thor_summoner-D,14,,14,,14
mechdef_loki_hellbringer-PRIME,71,,71,,71
mechdef_mad_cat_timber_wolf-D,7,,7,,7
mechdef_mad_cat_timber_wolf-PRIME,50,,50,,50
mechdef_mad_cat_timber_wolf-A,36,,36,,36
mechdef_loki_hellbringer-C,0,,0,3054-01-01T00:00:00Z,3
mechdef_loki_hellbringer-F,0,,0,3054-01-01T00:00:00Z,3
mechdef_mad_cat_timber_wolf-E,0,,0,3054-01-01T00:00:00Z,3
mechdef_mad_cat_timber_wolf-S,0,3050-01-01T00:00:00Z,3,,3
mechdef_vulture_mad_dog-D,0,,0,3054-01-01T00:00:00Z,3
mechdef_viper_black_python-1,0,3051-01-01T00:00:00Z,3,,6
mechdef_viper_black_python-2,0,,0,3052-01-01T00:00:00Z,3
mechdef_rifleman_IIC,2,,2,,21
mechdef_sun_spider-PRIME,0,3050-01-01T00:00:00Z,1,,2
mechdef_sun_spider-A,0,3050-01-01T00:00:00Z,1,,2
mechdef_sun_spider-C,0,3050-01-01T00:00:00Z,1,,2
Assaults,,,,,
mechdef_manowar_gargoyle-PRIME,207,,207,,207
mechdef_naga-C,3,,3,,3
mechdef_naga-PRIME,29,,29,,29
mechdef_naga-D,3,,3,,3
mechdef_naga-A,3,,3,,3
mechdef_naga-B,10,,10,,10
mechdef_manowar_gargoyle-B,159,,159,,159
mechdef_masakari_warhawk-B,16,,16,,16
mechdef_masakari_warhawk-A,16,,16,,16
mechdef_manowar_gargoyle-C,95,,95,,95
mechdef_daishi_dire_wolf-B,16,,16,,16
mechdef_manowar_gargoyle-A,64,,64,,64
mechdef_gladiator_executioner-D,16,,16,,16
mechdef_daishi_dire_wolf-PRIME,80,,80,,80
mechdef_gladiator_executioner-C,32,,32,,32
mechdef_gladiator_executioner-PRIME,64,,64,,64
mechdef_daishi_dire_wolf-A,32,,32,,32
mechdef_gladiator_executioner-B,32,,32,,32
mechdef_gladiator_executioner-A,16,,16,,16
mechdef_masakari_warhawk-PRIME,32,,32,,32
mechdef_daishi_dire_wolf-C,0,,0,3054-01-01T00:00:00Z,3
mechdef_daishi_dire_wolf-S,0,3050-01-01T00:00:00Z,2,,3
mechdef_daishi_dire_wolf-W,2,,2,,3
mechdef_manowar_gargoyle-D,2,,2,,3
mechdef_masakari_warhawk-D,0,,0,3054-01-01T00:00:00Z,3
mechdef_supernova-1,2,,2,,32
mechdef_marauder_IIC,2,,2,,16
mechdef_marauder_IIC-8,2,,2,,3
mechdef_warhammer_IIC,2,,2,,16
mechdef_highlander_IIC,2,,2,,3