{
  "Description": {
    "Cost": 22290000,
    "Rarity": 5,
    "Purchasable": true,
    "Manufacturer": "",
    "Model": "",
    "UIName": "Pillager",
    "Id": "chassisdef_pillager_PLG-3Z",
    "Name": "Pillager",
    "Details": "The largest BattleMech ever built by HildCo Interplanetary, the Pillager is built as a larger version of the Victor, and is intended for assaulting urban centers and hardened fortifications. These design parameters were paramount as the SLDF mobilized to wage the Reunification War. Later Pillagers were upgraded with more cutting-edge Star League technology. Production of the Pillager halted not because its facility was destroyed, but the advanced Gauss Rifle and XL Engine production lines had been obliterated by the end of the Second Succession War.",
    "Icon": "uixTxrIcon_kodiak"
  },
  "MovementCapDefID": "movedef_atlas_AS7-D",
  "PathingCapDefID": "pathingdef_assault",
  "HardpointDataDefID": "hardpointdatadef_kodiak",
  "PrefabIdentifier": "chrprfmech_kodiakbase-001",
  "PrefabBase": "kodiak",
  "Tonnage": 100,
  "InitialTonnage": 27.5,
  "weightClass": "ASSAULT",
  "BattleValue": 2927000,
  "Heatsinks": 22,
  "TopSpeed": 50,
  "TurnRadius": 90,
  "MaxJumpjets": 3,
  "Stability": 200,
  "StabilityDefenses": [
    0,
    0,
    0,
    0,
    0,
    0
  ],
  "SpotterDistanceMultiplier": 1,
  "VisibilityMultiplier": 1,
  "SensorRangeMultiplier": 1,
  "Signature": 0,
  "Radius": 8,
  "PunchesWithLeftArm": false,
  "MeleeDamage": 140,
  "MeleeInstability": 100,
  "MeleeToHitModifier": -2,
  "DFADamage": 125,
  "DFAToHitModifier": 0,
  "DFASelfDamage": 125,
  "DFAInstability": 125,
  "Locations": [
    {
      "Location": "Head",
      "Hardpoints": [
        {
          "WeaponMount": "Energy",
          "Omni": false
        }
      ],
      "Tonnage": 0,
      "InventorySlots": 1,
      "MaxArmor": 45,
      "MaxRearArmor": -1,
      "InternalStructure": 16
    },
    {
      "Location": "LeftArm",
      "Hardpoints": [
        {
          "WeaponMount": "Energy",
          "Omni": false
        },
        {
          "WeaponMount": "Energy",
          "Omni": false
        },
        {
          "WeaponMount": "AntiPersonnel",
          "Omni": false
        }
      ],
      "Tonnage": 0,
      "InventorySlots": 8,
      "MaxArmor": 170,
      "MaxRearArmor": -1,
      "InternalStructure": 85
    },
    {
      "Location": "LeftTorso",
      "Hardpoints": [
        {
          "WeaponMount": "Ballistic",
          "Omni": false
        },
        {
          "WeaponMount": "Ballistic",
          "Omni": false
        }
      ],
      "Tonnage": 0,
      "InventorySlots": 10,
      "MaxArmor": 210,
      "MaxRearArmor": 105,
      "InternalStructure": 105
    },
    {
      "Location": "CenterTorso",
      "Hardpoints": [
        {
          "WeaponMount": "Energy",
          "Omni": false
        }
      ],
      "Tonnage": 0,
      "InventorySlots": 4,
      "MaxArmor": 310,
      "MaxRearArmor": 155,
      "InternalStructure": 155
    },
    {
      "Location": "RightTorso",
      "Hardpoints": [
        {
          "WeaponMount": "Ballistic",
          "Omni": false
        },
        {
          "WeaponMount": "Ballistic",
          "Omni": false
        }
      ],
      "Tonnage": 0,
      "InventorySlots": 10,
      "MaxArmor": 210,
      "MaxRearArmor": 105,
      "InternalStructure": 105
    },
    {
      "Location": "RightArm",
      "Hardpoints": [
        {
          "WeaponMount": "Energy",
          "Omni": false
        },
        {
          "WeaponMount": "Energy",
          "Omni": false
        },
        {
          "WeaponMount": "AntiPersonnel",
          "Omni": false
        }
      ],
      "Tonnage": 0,
      "InventorySlots": 8,
      "MaxArmor": 170,
      "MaxRearArmor": -1,
      "InternalStructure": 85
    },
    {
      "Location": "LeftLeg",
      "Hardpoints": [],
      "Tonnage": 0,
      "InventorySlots": 4,
      "MaxArmor": 210,
      "MaxRearArmor": -1,
      "InternalStructure": 105
    },
    {
      "Location": "RightLeg",
      "Hardpoints": [],
      "Tonnage": 0,
      "InventorySlots": 4,
      "MaxArmor": 210,
      "MaxRearArmor": -1,
      "InternalStructure": 105
    }
  ],
  "LOSSourcePositions": [
    {
      "x": 0.0,
      "y": 16.0,
      "z": 16.0
    },
    {
      "x": 5.0,
      "y": 16.0,
      "z": 16.0
    },
    {
      "x": -5.0,
      "y": 16.0,
      "z": 16.0
    }
  ],
  "LOSTargetPositions": [
    {
      "x": 0.0,
      "y": 16.0,
      "z": 16.0
    },
    {
      "x": 5.0,
      "y": 16.0,
      "z": 16.0
    },
    {
      "x": -5.0,
      "y": 16.0,
      "z": 16.0
    },
    {
      "x": 3.5,
      "y": 5.5,
      "z": 5.5
    },
    {
      "x": -3.5,
      "y": 5.5,
      "z": 5.5
    }
  ],
  "VariantName": "PLG-3Z",
  "ChassisTags": {
    "items": [
      "mech_quirk_battlefists"
    ],
    "tagSetSourceFile": ""
  },
  "StockRole": "Heavy Brawler & Sniper",
  "YangsThoughts": "A thing of beauty, boss. Just listen: a pair of Poland Main Model A Gauss Rifles and a Defiance B3L Large Laser for ranged combat along with four Ceres Arms Medium Lasers for close range. Fourteen double heat sinks to keep this laser-lover joy cool enough. A lightweight Vlar 300 XL Engine gives it a top speed of 54 km/h and three HildCo Model 13 jump jets that allow it to jump up to ninety meters. Finally, all of this is protected by nineteen and a half tons of standard armor. This is a true masterpiece among the BattleMechs."
    "FixedEquipment" : [
        {
            "MountedLocation" : "LeftTorso",
            "ComponentDefID" : "Gear_XL_Engine",
            "SimGameUID" : "",
            "ComponentDefType" : "Upgrade",
            "HardpointSlot" : -1,
            "IsFixed" : true,
            "GUID" : null,
            "DamageLevel" : "Functional",
            "prefabName" : null,
            "hasPrefabName" : false
        },
        {
            "MountedLocation" : "RightTorso",
            "ComponentDefID" : "Gear_XL_Engine",
            "SimGameUID" : "",
            "ComponentDefType" : "Upgrade",
            "HardpointSlot" : -1,
            "IsFixed" : true,
            "GUID" : null,
            "DamageLevel" : "Functional",
            "prefabName" : null,
            "hasPrefabName" : false
        },
        {
            "MountedLocation" : "LeftLeg",
            "ComponentDefID" : "Gear_JumpJet_PLG_Vectored_Thrust",
            "SimGameUID" : "",
            "ComponentDefType" : "JumpJet",
            "HardpointSlot" : -1,
            "IsFixed" : true,
            "GUID" : null,
            "DamageLevel" : "Functional",
            "prefabName" : null,
            "hasPrefabName" : false
        },
        {
            "MountedLocation" : "RightLeg",
            "ComponentDefID" : "Gear_JumpJet_PLG_Vectored_Thrust",
            "SimGameUID" : "",
            "ComponentDefType" : "JumpJet",
            "HardpointSlot" : -1,
            "IsFixed" : true,
            "GUID" : null,
            "DamageLevel" : "Functional",
            "prefabName" : null,
            "hasPrefabName" : false
        }
    ]
}