{
  "ChassisID": "chassisdef_hammerhands_HMH-3D",
  "HeraldryID": null,
  "Description": {
    "Cost": 7820000,
    "Rarity": 5,
    "Purchasable": true,
    "Manufacturer": null,
    "Model": null,
    "UIName": "Hammerhands HMH-3D",
    "Id": "mechdef_hammerhands_HMH-3D",
    "Name": "Hammerhands",
    "Details": "The second exclusive Federated Suns BattleMech, the Hammerhands was developed in 2475 after a decade reviewing the performance and complaints received about the earlier BattleAxe. Little more than a heavier and slower version of the BattleAxe, the design received its name based on the impressive weapons carried in each arm, serving to trigger the Federated Suns' seeming love affair with autocannons. Much like its sibling design, the Hammerhands went on to influence and be outdone by the immensely popular Warhammer, causing it to fade into history, all but forgotten.",
    "Icon": "uixTxrIcon_battleaxe"
  },
  "simGameMechPartCost": 782000,
  "Version": 1,
  "Locations": [
    {
      "DamageLevel": "Functional",
      "Location": "Head",
      "CurrentArmor": 45,
      "CurrentRearArmor": -1,
      "CurrentInternalStructure": 16,
      "AssignedArmor": 45,
      "AssignedRearArmor": -1
    },
    {
      "DamageLevel": "Functional",
      "Location": "LeftArm",
      "CurrentArmor": 100,
      "CurrentRearArmor": -1,
      "CurrentInternalStructure": 60,
      "AssignedArmor": 100,
      "AssignedRearArmor": -1
    },
    {
      "DamageLevel": "Functional",
      "Location": "LeftTorso",
      "CurrentArmor": 100,
      "CurrentRearArmor": 25,
      "CurrentInternalStructure": 80,
      "AssignedArmor": 100,
      "AssignedRearArmor": 25
    },
    {
      "DamageLevel": "Functional",
      "Location": "CenterTorso",
      "CurrentArmor": 150,
      "CurrentRearArmor": 45,
      "CurrentInternalStructure": 115,
      "AssignedArmor": 150,
      "AssignedRearArmor": 45
    },
    {
      "DamageLevel": "Functional",
      "Location": "RightTorso",
      "CurrentArmor": 100,
      "CurrentRearArmor": 25,
      "CurrentInternalStructure": 80,
      "AssignedArmor": 100,
      "AssignedRearArmor": 25
    },
    {
      "DamageLevel": "Functional",
      "Location": "RightArm",
      "CurrentArmor": 100,
      "CurrentRearArmor": -1,
      "CurrentInternalStructure": 60,
      "AssignedArmor": 100,
      "AssignedRearArmor": -1
    },
    {
      "DamageLevel": "Functional",
      "Location": "LeftLeg",
      "CurrentArmor": 115,
      "CurrentRearArmor": -1,
      "CurrentInternalStructure": 80,
      "AssignedArmor": 115,
      "AssignedRearArmor": -1
    },
    {
      "DamageLevel": "Functional",
      "Location": "RightLeg",
      "CurrentArmor": 115,
      "CurrentRearArmor": -1,
      "CurrentInternalStructure": 80,
      "AssignedArmor": 115,
      "AssignedRearArmor": -1
    }
  ],
  "inventory": [
    {
      "MountedLocation": "LeftArm",
      "ComponentDefID": "Weapon_Autocannon_AC10_0-STOCK",
      "SimGameUID": null,
      "ComponentDefType": "Weapon",
      "HardpointSlot": 0,
      "GUID": null,
      "DamageLevel": "Functional",
      "prefabName": null,
      "hasPrefabName": false
    },
    {
      "MountedLocation": "LeftArm",
      "ComponentDefID": "Weapon_Laser_MediumLaser_0-STOCK",
      "SimGameUID": null,
      "ComponentDefType": "Weapon",
      "HardpointSlot": -1,
      "GUID": null,
      "DamageLevel": "Functional",
      "prefabName": null,
      "hasPrefabName": false
    },
    {
      "MountedLocation": "LeftArm",
      "ComponentDefID": "Ammo_AmmunitionBox_Generic_AC10",
      "SimGameUID": null,
      "ComponentDefType": "AmmunitionBox",
      "HardpointSlot": -1,
      "GUID": null,
      "DamageLevel": "Functional",
      "prefabName": null,
      "hasPrefabName": false
    },
    {
      "MountedLocation": "LeftTorso",
      "ComponentDefID": "Ammo_AmmunitionBox_Generic_AC10",
      "SimGameUID": null,
      "ComponentDefType": "AmmunitionBox",
      "HardpointSlot": -1,
      "GUID": null,
      "DamageLevel": "Functional",
      "prefabName": null,
      "hasPrefabName": false
    },
    {
      "MountedLocation": "CenterTorso",
      "ComponentDefID": "Gear_JumpJet_Generic_Heavy",
      "SimGameUID": null,
      "ComponentDefType": "JumpJet",
      "HardpointSlot": -1,
      "GUID": null,
      "DamageLevel": "Functional",
      "prefabName": null,
      "hasPrefabName": false
    },
    {
      "MountedLocation": "RightTorso",
      "ComponentDefID": "Weapon_SRM_SRM6_0-STOCK",
      "SimGameUID": null,
      "ComponentDefType": "Weapon",
      "HardpointSlot": 0,
      "GUID": null,
      "DamageLevel": "Functional",
      "prefabName": null,
      "hasPrefabName": false
    },
    {
      "MountedLocation": "RightTorso",
      "ComponentDefID": "Ammo_AmmunitionBox_Generic_SRM",
      "SimGameUID": null,
      "ComponentDefType": "AmmunitionBox",
      "HardpointSlot": -1,
      "GUID": null,
      "DamageLevel": "Functional",
      "prefabName": null,
      "hasPrefabName": false
    },
    {
      "MountedLocation": "RightTorso",
      "ComponentDefID": "Ammo_AmmunitionBox_Generic_AC10",
      "SimGameUID": null,
      "ComponentDefType": "AmmunitionBox",
      "HardpointSlot": -1,
      "GUID": null,
      "DamageLevel": "Functional",
      "prefabName": null,
      "hasPrefabName": false
    },
    {
      "MountedLocation": "RightArm",
      "ComponentDefID": "Weapon_Autocannon_AC10_0-STOCK",
      "SimGameUID": null,
      "ComponentDefType": "Weapon",
      "HardpointSlot": 0,
      "GUID": null,
      "DamageLevel": "Functional",
      "prefabName": null,
      "hasPrefabName": false
    },
    {
      "MountedLocation": "RightArm",
      "ComponentDefID": "Weapon_Laser_MediumLaser_0-STOCK",
      "SimGameUID": null,
      "ComponentDefType": "Weapon",
      "HardpointSlot": -1,
      "GUID": null,
      "DamageLevel": "Functional",
      "prefabName": null,
      "hasPrefabName": false
    },
    {
      "MountedLocation": "RightArm",
      "ComponentDefID": "Ammo_AmmunitionBox_Generic_AC10",
      "SimGameUID": null,
      "ComponentDefType": "AmmunitionBox",
      "HardpointSlot": -1,
      "GUID": null,
      "DamageLevel": "Functional",
      "prefabName": null,
      "hasPrefabName": false
    },
    {
      "MountedLocation": "LeftLeg",
      "ComponentDefID": "Gear_JumpJet_Generic_Heavy",
      "SimGameUID": null,
      "ComponentDefType": "JumpJet",
      "HardpointSlot": -1,
      "GUID": null,
      "DamageLevel": "Functional",
      "prefabName": null,
      "hasPrefabName": false
    },
    {
      "MountedLocation": "LeftLeg",
      "ComponentDefID": "Gear_HeatSink_Generic_Standard",
      "SimGameUID": null,
      "ComponentDefType": "HeatSink",
      "HardpointSlot": -1,
      "GUID": null,
      "DamageLevel": "Functional",
      "prefabName": null,
      "hasPrefabName": false
    },
    {
      "MountedLocation": "RightLeg",
      "ComponentDefID": "Gear_JumpJet_Generic_Heavy",
      "SimGameUID": null,
      "ComponentDefType": "JumpJet",
      "HardpointSlot": -1,
      "GUID": null,
      "DamageLevel": "Functional",
      "prefabName": null,
      "hasPrefabName": false
    },
    {
      "MountedLocation": "RightLeg",
      "ComponentDefID": "Gear_HeatSink_Generic_Standard",
      "SimGameUID": null,
      "ComponentDefType": "HeatSink",
      "HardpointSlot": -1,
      "GUID": null,
      "DamageLevel": "Functional",
      "prefabName": null,
      "hasPrefabName": false
    }
],
  "MechTags": {
    "items": [
      "unit_mech",
      "unit_heavy",
      "unit_release",
      "unit_ready",
      "unit_role_brawler",
      "unit_range_medium",
      "unit_speed_low",
      "unit_armor_high",
      "unit_common",
      "Davion",
      "unit_lance_tank",
      "unit_jumpOK"
    ],
    "tagSetSourceFile": ""
  }
}