NovaCat,,,,,
Collection:Wolf,5,,5,,5
Collection:JadeFalcon,5,,5,,5
Collection:SmokeJaguar,50,,50,,50
Collection:SteelViper,5,,5,,5
Collection:NovaCat,5,,5,,5
Collection:DiamondShark,5,,5,,5
,,,,,
Dates,3049-01-01T00:00:00Z,,3052-01-01T00:00:00Z,,3057-01-01T00:00:00Z
Lights,,,,,
mechdef_koshi_mist_lynx-A,42,,42,,42
mechdef_dasher_fire_moth-A,11,,11,,11
mechdef_dasher_fire_moth-C,21,,21,,21
mechdef_koshi_mist_lynx-D,11,,11,,11
mechdef_koshi_mist_lynx-PRIME,104,,104,,104
mechdef_dasher_fire_moth-B,21,,21,,21
mechdef_hankyu_arctic_cheetah-B,21,,21,,21
mechdef_uller_kit_fox-PRIME,63,,63,,63
mechdef_uller_kit_fox-B,47,,47,,47
mechdef_hankyu_arctic_cheetah-A,11,,11,,11
mechdef_uller_kit_fox-D,11,,11,,11
mechdef_uller_kit_fox-C,11,,11,,11
mechdef_koshi_mist_lynx-B,32,,32,,32
mechdef_dasher_fire_moth-PRIME,73,,73,,73
mechdef_puma_adder-D,52,,52,,52
mechdef_hankyu_arctic_cheetah-D,11,,11,,11
mechdef_uller_kit_fox-A,21,,21,,21
mechdef_koshi_mist_lynx-C,21,,21,,21
mechdef_hankyu_arctic_cheetah-PRIME,32,,32,,32
mechdef_uller_kit_fox-S,4,,4,,4
mechdef_puma_adder-C,32,,32,,32
mechdef_puma_adder-B,21,,21,,21
mechdef_puma_adder-A,125,,125,,125
mechdef_hankyu_arctic_cheetah-C,11,,11,,11
mechdef_puma_adder-PRIME,84,,84,,84
mechdef_dasher_fire_moth-D,32,,32,,32
mechdef_koshi_mist_lynx-E,0,,0,3054-01-01T00:00:00Z,3
mechdef_jenner_IIC,2,,2,,6
mechdef_jenner_IIC-2,1,,1,,3
mechdef_jenner_IIC-3,1,,1,,3
mechdef_piranha-1,0,3051-01-01T00:00:00Z,3,,6
mechdef_uller_kit_fox-E,0,,0,3054-01-01T00:00:00Z,3
mechdef_uller_kit_fox-G,0,,0,3054-01-01T00:00:00Z,3
Mediums,,,,,
mechdef_fenris_ice_ferret-C,16,,16,,16
mechdef_fenris_ice_ferret-A,8,,8,,8
mechdef_dragonfly_viper-C,16,,16,,16
mechdef_dragonfly_viper-PRIME,40,,40,,40
mechdef_black_hawk_nova-D,8,,8,,8
mechdef_fenris_ice_ferret-B,8,,8,,8
mechdef_black_hawk_nova-C,8,,8,,8
mechdef_black_hawk_nova-B,16,,16,,16
mechdef_fenris_ice_ferret-D,8,,8,,8
mechdef_fenris_ice_ferret-PRIME,40,,40,,40
mechdef_hunchback_IIC,48,,48,,48
mechdef_dragonfly_viper-D,24,,24,,24
mechdef_dragonfly_viper-B,16,,16,,16
mechdef_ryoken_stormcrow-D,48,,48,,48
mechdef_dragonfly_viper-A,24,,24,,24
mechdef_nobori-nin_huntsman-A,24,,24,,24
mechdef_ryoken_stormcrow-PRIME,97,,97,,97
mechdef_nobori-nin_huntsman-PRIME,48,,48,,48
mechdef_nobori-nin_huntsman-B,24,,24,,24
mechdef_shadow_cat-PRIME,114,,114,,114
mechdef_nobori-nin_huntsman-C,24,,24,,24
mechdef_shadow_cat-A,65,,65,,65
mechdef_ryoken_stormcrow-B,48,,48,,48
mechdef_ryoken_stormcrow-A,48,,48,,48
mechdef_shadow_cat-B,65,,65,,65
mechdef_black_hawk_nova-A,16,,16,,16
mechdef_black_hawk_nova-PRIME,24,,24,,24
mechdef_black_hawk_nova-E,0,,0,3054-01-01T00:00:00Z,3
mechdef_black_hawk_nova-S,0,3050-01-01T00:00:00Z,3,,3
mechdef_dragonfly_viper-E,0,,0,3054-01-01T00:00:00Z,3
mechdef_fenris_ice_ferret-E,0,,0,3056-01-01T00:00:00Z,3
mechdef_ryoken_stormcrow-E,0,,0,3054-01-01T00:00:00Z,3
mechdef_goshawk_vapor_eagle-1,2,,2,,3
mechdef_goshawk_vapor_eagle-2,2,,2,,3
Heavies,,,,,
mechdef_loki_hellbringer-B,31,,31,,31
mechdef_vulture_mad_dog-C,72,,72,,72
mechdef_vulture_mad_dog-A,72,,72,,72
mechdef_loki_hellbringer-A,72,,72,,72
mechdef_thor_summoner-A,51,,51,,51
mechdef_thor_summoner-B,31,,31,,31
mechdef_mad_cat_timber_wolf-B,41,,41,,41
mechdef_vulture_mad_dog-B,51,,51,,51
mechdef_thor_summoner-PRIME,82,,82,,82
mechdef_vulture_mad_dog-PRIME,114,,114,,114
mechdef_thor_summoner-C,31,,31,,31
mechdef_mad_cat_timber_wolf-C,31,,31,,31
mechdef_thor_summoner-D,10,,10,,10
mechdef_loki_hellbringer-PRIME,103,,103,,103
mechdef_mad_cat_timber_wolf-D,10,,10,,10
mechdef_mad_cat_timber_wolf-PRIME,72,,72,,72
mechdef_mad_cat_timber_wolf-A,51,,51,,51
mechdef_loki_hellbringer-C,0,,0,3054-01-01T00:00:00Z,3
mechdef_loki_hellbringer-F,0,,0,3054-01-01T00:00:00Z,3
mechdef_mad_cat_timber_wolf-E,0,,0,3054-01-01T00:00:00Z,3
mechdef_mad_cat_timber_wolf-S,0,3050-01-01T00:00:00Z,3,,3
mechdef_vulture_mad_dog-D,0,,0,3054-01-01T00:00:00Z,3
mechdef_viper_black_python-1,0,3051-01-01T00:00:00Z,3,,6
mechdef_viper_black_python-2,0,,0,3052-01-01T00:00:00Z,3
mechdef_rifleman_IIC,2,,2,,31
mechdef_sun_spider-PRIME,0,3050-01-01T00:00:00Z,1,,2
mechdef_sun_spider-A,0,3050-01-01T00:00:00Z,1,,2
mechdef_sun_spider-C,0,3050-01-01T00:00:00Z,1,,2
Assaults,,,,,
mechdef_manowar_gargoyle-PRIME,168,,168,,168
mechdef_naga-C,3,,3,,3
mechdef_naga-PRIME,29,,29,,29
mechdef_naga-D,3,,3,,3
mechdef_naga-A,3,,3,,3
mechdef_naga-B,10,,10,,10
mechdef_manowar_gargoyle-B,84,,84,,84
mechdef_masakari_warhawk-B,13,,13,,13
mechdef_masakari_warhawk-A,13,,13,,13
mechdef_manowar_gargoyle-C,118,,118,,118
mechdef_daishi_dire_wolf-B,17,,17,,17
mechdef_manowar_gargoyle-A,135,,135,,135
mechdef_gladiator_executioner-D,34,,34,,34
mechdef_daishi_dire_wolf-PRIME,67,,67,,67
mechdef_gladiator_executioner-C,34,,34,,34
mechdef_gladiator_executioner-PRIME,51,,51,,51
mechdef_daishi_dire_wolf-A,51,,51,,51
mechdef_gladiator_executioner-B,34,,34,,34
mechdef_masakari_warhawk-C,7,,7,,7
mechdef_gladiator_executioner-A,17,,17,,17
mechdef_masakari_warhawk-PRIME,34,,34,,34
mechdef_daishi_dire_wolf-C,0,,0,3054-01-01T00:00:00Z,3
mechdef_daishi_dire_wolf-S,0,3050-01-01T00:00:00Z,3,,3
mechdef_daishi_dire_wolf-W,3,,3,,3
mechdef_manowar_gargoyle-D,3,,3,,3
mechdef_masakari_warhawk-D,0,,0,3054-01-01T00:00:00Z,3
mechdef_supernova-1,2,,2,,34
mechdef_marauder_IIC,2,,2,,17
mechdef_marauder_IIC-8,2,,2,,7
mechdef_warhammer_IIC,2,,2,,17
mechdef_highlander_IIC,2,,2,,3