KuritaLocals,,,,,,,
Dates,3025-01-01T00:00:00Z,,3039-01-01T00:00:00Z,,3050-01-01T00:00:00Z,,3057-01-01T00:00:00Z
Salvage:DavionLocals,25,,30,,30,,30
Salvage:SteinerLocals,25,,30,,30,,30
,,,,,,,
Lights,,,,,,,
mechdef_stinger_STG-3R,43,,41,,40,,38
mechdef_wasp_WSP-1K,43,,41,,40,,87
mechdef_wasp_WSP-1A,141,,135,,131,,108
mechdef_locust_LCT-1V,141,,135,,131,,108
mechdef_ostscout_OTT-7K,0,,0,,0,3050-01-01T00:00:00Z,10
mechdef_locust_LCT-3V,8,,7,,7,,10
mechdef_stinger_STG-3G,12,,11,,11,,15
mechdef_thorn_THE-T,0,3038-01-01T00:00:00Z,4,,4,,0
mechdef_spider_SDR-5K,4,,4,,4,,5
mechdef_urbanmech_UM-R60,59,,56,,31,,45
mechdef_hussar_HSR-300-D,0,Jump:3039-01-01T00:00:00Z,11,,20,,0
mechdef_mercury_MCY-98,0,Jump:3039-01-01T00:00:00Z,4,,4,,0
mechdef_javelin_JVN-10N,21,,20,,20,,15
mechdef_ostscout_OTT-7J,21,,20,,20,,10
mechdef_hermes_HER-1A,8,,7,,7,,0
mechdef_falcon_FLC-4N,4,,7,,7,,0
mechdef_spider_SDR-5V,43,,41,,40,,15
mechdef_hermes_HER-1B,4,,4,,4,,0
mechdef_firestarter_FS9-H,68,,65,,64,,27
mechdef_hussar_HSR-350-D,0,3038-01-01T00:00:00Z,4,,4,,0
mechdef_mongoose_MON-68,0,3039-01-01T00:00:00Z,4,,4,,0
mechdef_mongoose_MON-67,8,,11,,20,,0
mechdef_firestarter_FS9-K,4,,4,,4,,0
mechdef_panther_PNT-9R,202,,192,,187,,168
mechdef_javelin_JVN-10F,4,,4,,4,,0
mechdef_jenner_JR7-D,82,,78,,60,,104
mechdef_jenner_JR7-K,0,,0,3047-01-01T00:00:00Z,11,,54
mechdef_jenner_JR7-F,4,,5,,4,,0
mechdef_urbanmech_UM-R90,9,,9,,9,,9
mechdef_jenner_JR7-A,4,,4,,4,,4
mechdef_panther_PNT-8Z,8,,8,,7,,7
mechdef_panther_PNT-9ALAG,4,,4,,4,,4
Mediums,,,,,,,
mechdef_vulcan_VL-2T,42,,37,,35,,41
mechdef_sentinel_STN-3K,0,3025-01-01T00:00:00Z,37,,25,,0
mechdef_cicada_CDA-2A,30,,27,,25,,29
mechdef_assassin_ASN-21,30,,27,,25,,10
mechdef_assassin_ASN-23,0,,0,,0,3050-01-01T00:00:00Z,16
mechdef_clint_CLNT-2-3T,6,,5,,5,,0
mechdef_whitworth_WTH-1S,6,,5,,5,,0
mechdef_vulcan_VL-5T,6,,5,,5,,0
mechdef_whitworth_WTH-2,0,,0,,0,3050-01-01T00:00:00Z,29
mechdef_centurion_CN9-A,11,,10,,9,,10
mechdef_blackjack_BJ-1,42,,37,,35,,0
mechdef_hermesII_HER-4K,11,,10,,9,,10
mechdef_whitworth_WTH-1,59,,53,,50,,29
mechdef_trebuchet_TBT-5S,6,,5,,5,,0
mechdef_trebuchet_TBT-7K,6,,5,,5,,0
mechdef_wyvern_WVE-6N,11,,37,,35,,0
mechdef_scorpion_SCP-1N,30,,27,,25,,29
mechdef_phoenixhawk_PXH-1,119,,106,,100,,117
mechdef_hunchback_HBK-4G,59,,53,,35,,41
mechdef_hunchback_HBK-4SP,0,3025-09-01T00:00:00Z,5,,9,,10
mechdef_shadowhawk_SHD-2H,42,,37,,35,,41
mechdef_hunchback_HBK-4H,6,,5,,5,,0
mechdef_phoenixhawk_PXH-1K,60,,53,,50,,58
mechdef_scorpion_SCP-1O,0,,0,,0,3050-01-01T00:00:00Z,10
mechdef_hunchback_HBK-4N,6,,5,,5,,0
mechdef_wolverine_WVR-6R,59,,53,,50,,58
mechdef_hunchback_HBK-4P,6,,5,,5,,0
mechdef_crab_CRB-20,11,,37,,50,,0
mechdef_hunchback_HBK-4J,6,,5,,5,,0
mechdef_dervish_DV-6M,30,,27,,25,,29
mechdef_shadowhawk_SHD-2K,59,,53,,50,,58
mechdef_trebuchet_TBT-5N,42,,37,,35,,29
mechdef_wolverine_WVR-6K,30,,27,,25,,29
mechdef_griffin_GRF-1N,119,,105,,100,,117
mechdef_wolverine_WVR-7K,0,,0,,0,3050-01-01T00:00:00Z,41
mechdef_kyudo_KY2-D-01,6,,5,,5,,0
mechdef_rifleman_RFL-2N,39,,37,,38,,38
Heavies,,,,,,,
mechdef_rifleman_RFL-3N,52,,49,,50,,50
mechdef_champion_CHP-2N,5,,4,,5,,0
mechdef_dragon_DRG-1N,230,,223,,83,,83
mechdef_quickdraw_QKD-4G,41,,39,,40,,40
mechdef_quickdraw_QKD-5A,18,,17,,18,,18
mechdef_dragon_DRG-1C,7,,7,,5,,7
mechdef_merlin_MLN-1A,5,,4,,5,,5
mechdef_dragon_DRG-5N,0,,0,3043-01-01T00:00:00Z,25,,25
mechdef_ostroc_OSR-2C,26,,25,,25,,25
mechdef_ostroc_OSR-2L,3,,2,3049-12-01T00:00:00Z,0,,0
mechdef_lancelot_LNC25-02,85,,81,,83,,83
mechdef_quickdraw_QKD-4H,7,,7,,7,,7
mechdef_ostsol_OTL-4D,41,,39,,40,,25
mechdef_ostroc_OSR-3C,3,,2,,3,,0
mechdef_crusader_CRD-3K,18,,17,,18,,18
mechdef_orion_ON1-V,3,,2,,3,,0
mechdef_warhammer_WHM-6R,38,,36,,37,,40
mechdef_granddragon_DRG-1G,5,,25,,50,,40
mechdef_warhammer_WHM-6K,13,,12,,13,,13
mechdef_crusader_CRD-3R,52,,48,,50,,50
mechdef_catapult_CPLT-K2,7,,25,,25,,25
mechdef_orion_ON1-VA,3,,2,3049-12-01T00:00:00Z,0,,0
mechdef_thunderbolt_TDR-5S,52,,49,,50,,50
mechdef_bombardier_BMB-10D,13,,12,,7,,7
mechdef_archer_ARC-2K,85,,81,,83,,83
mechdef_marauder_MAD-3R,18,,17,,18,,18
mechdef_guillotine_GLT-4P,3,,2,,3,,0
mechdef_catapult_CPLT-C1,5,,4,,5,,5
mechdef_grasshopper_GHR-4R,2,,2,,1,,1
mechdef_guillotine_GLT-4L,13,,17,,25,,0
mechdef_grasshopper_GHR-5H,16,,15,,24,,25
mechdef_orion_ON1-K,18,,17,,18,,18
mechdef_blackknight_BL-7-KNT,3,,2,3049-12-01T00:00:00Z,0,,0
mechdef_stalker_STK-4P,5,,4,,5,,5
mechdef_archer_ARC-2R,52,,46,,41,,45
mechdef_grasshopper_GHR-5N,0,,0,3040-01-01T00:00:00Z,5,,5
mechdef_marauder_MAD-5D,0,,0,3047-01-01T00:00:00Z,5,,13
mechdef_vonrohrs_VON-4RH-5,2,,2,,1,,1
mechdef_vonrohrs_VON-4RH-6,2,,2,,1,,1
Assaults,,,,,,,
mechdef_charger_CGR-1A1,182,,226,,193,,158
mechdef_daboku_DCMS-MX90-D,0,3038-01-01T00:00:00Z,49,,0,,0
mechdef_cyclops_CP-10-Z,64,,48,,41,,33
mechdef_longbow_LGB-0W,64,,48,,41,,33
mechdef_victor_VTR-9B,64,,48,,41,,33
mechdef_charger_CGR-1A9,0,3034-01-01T00:00:00Z,12,,29,,33
mechdef_banshee_BNC-3E,147,,110,,93,,77
mechdef_goliath_GOL-1H,9,,7,,6,,9
mechdef_awesome_AWS-8R,9,,7,,6,,0
mechdef_striker_STC-2C,16,,12,,29,,24
mechdef_thug_THG-10E,0,,34,,29,,0
mechdef_awesome_AWS-8V,9,,7,,6,,0
mechdef_battlemaster_BLR-1G,46,,34,,29,,24
mechdef_cyclops_CP-11-A,0,,0,3045-01-01T00:00:00Z,6,,0
mechdef_cyclops_CP-11-C,0,,0,3049-12-01T00:00:00Z,6,,0
mechdef_stalker_STK-4N,9,,7,,6,,0
mechdef_stalker_STK-3F,92,,68,,58,,48
mechdef_cyclops_CP-10-Q,16,,12,,11,,9
mechdef_awesome_AWS-8T,9,,7,,6,,0
mechdef_awesome_AWS-8Q,92,,68,,58,,48
mechdef_longbow_LGB-7Q,26,,19,,16,,13
mechdef_stalker_STK-3H,9,,7,,6,,0
mechdef_crockett_CRK-5003-0,0,3025-01-01T00:00:00Z,19,,29,,0
mechdef_victor_VTR-9K,0,,0,,0,,77
mechdef_atlas_AS7-A,16,,12,,11,,12
mechdef_highlander_HGN-733,0,3025-01-01T00:00:00Z,19,,16,,0
mechdef_kingcrab_KGC-0000,16,,12,,11,,0
mechdef_atlas_AS7-D,46,,34,,29,,21
mechdef_cyclops_CP-10-HQ,9,,7,,6,,0
mechdef_atlas_AS7-D-K,3,,3,,3,,3
mechdef_atlas_AS7-LL,1,,1,,1,,1
mechdef_zeus_ZEU-6Y,3,,3,,3,,3