{
    "Name": "OldtimerPack",
    "Enabled": true,

    "Version": "1.2.1",
    "Description": "Some mechs of the SLDF times, including Royal models and Helm-tech SPR-5F",
    "Author": "Hounfor",
    "Manifest": [
	{ "Type": "BaseDescriptionDef", "Path": "descriptions" },
	{ "Type": "ChassisDef", "Path": "chassis", "AddToDB": true },
        { "Type": "ItemCollectionDef", "Path": "itemCollectionsAppend", "ShouldAppendText": true },
	{ "Type": "JumpJetDef", "Path": "jumpjets", "AddToDB": true },
	{ "Type": "MechDef", "Path": "mech", "AddToDB": true },
	{ "Type": "SimGameEventDef", "Path": "events" },
        { "Type": "Sprite", "Path": "portraits" },
	{ "Type": "UpgradeDef", "Path": "upgrades", "AddToDB": true }]
}