{
    "JumpCapacity" : 1,
    "MinTonnage" : 90,
    "MaxTonnage" : 100,
    "Description" : {
        "Cost" : 0,
        "Rarity" : 99,
        "Purchasable" : true,
        "Manufacturer" : "Generic",
        "Model" : "Standard",
        "UIName" : "Vectored Thrust Kit",
        "Id" : "Gear_JumpJet_PLG_Vectored_Thrust",
        "Name" : "Pillager Vectored Thrust Kit",
        "Details" : "The Pillager uses a Vectored Thrust set up for it's jump jets to allow striking the enemy at critical points. They act as normal Jump Jets, but in addition, their specialized thrust system optimizes propulsion and control during flight. This provides superior poise for subsequent attacks, increasing the damage dealt by any shots fired.",
        "Icon" : "uixSvgIcon_action_jump"
    },
    "BonusValueA" : "+ 10% Jump Dist.",
    "BonusValueB" : "+ 10% Dmg. After Jump",
    "ComponentType" : "JumpJet",
    "ComponentSubType" : "Functionality",
    "PrefabIdentifier" : "JumpJet",
    "InventorySize" : 1,
    "Tonnage" : 2,
    "AllowedLocations" : "Torso, Legs",
    "DisallowedLocations" : "Head, Arms",
    "CriticalComponent" : false,
    "statusEffects" : [
        {
            "durationData" : {
                "duration" : -1,
                "ticksOnActivations" : false,
                "useActivationsOfTarget" : false,
                "ticksOnEndOfRound" : false,
                "ticksOnMovements" : false,
                "stackLimit" : -1,
                "clearedWhenAttacked" : false
            },
            "targetingData" : {
                "effectTriggerType" : "Passive",
                "triggerLimit" : 0,
                "extendDurationOnTrigger" : 0,
                "specialRules" : "NotSet",
                "effectTargetType" : "Creator",
                "range" : 0,
                "forcePathRebuild" : false,
                "forceVisRebuild" : false,
                "showInTargetPreview" : true,
                "showInStatusPanel" : true
            },
            "effectType" : "StatisticEffect",
            "Description" : {
                "Id" : "StatusEffect-Jump-DamageBoost",
                "Name" : "VECTORED THRUST KIT",
                "Details" : "Increases damage dealt after jumping by 20% and boosts the distance this unit can travel when jumping by 20%.",
                "Icon" : "uixSvgIcon_action_jump"
            },
            "nature" : "Buff",
            "statisticData" : {
                "appliesEachTick" : false,
                "effectsPersistAfterDestruction" : false,
                "statName" : "JumpingWeaponDamageModifier",
                "operation" : "Float_Add",
                "modValue" : "0.1",
                "modType" : "System.Single",
                "additionalRules" : "NotSet",
                "targetCollection" : "Weapon",
                "targetWeaponCategory" : "NotSet",
                "targetWeaponType" : "NotSet",
                "targetAmmoCategory" : "NotSet",
                "targetWeaponSubType" : "NotSet"
            }
        },
		{
            "durationData" : {
                "duration" : -1,
                "ticksOnActivations" : false,
                "useActivationsOfTarget" : false,
                "ticksOnEndOfRound" : false,
                "ticksOnMovements" : false,
                "stackLimit" : -1,
                "clearedWhenAttacked" : false
            },
            "targetingData" : {
                "effectTriggerType" : "Passive",
                "triggerLimit" : 0,
                "extendDurationOnTrigger" : 0,
                "specialRules" : "NotSet",
                "effectTargetType" : "Creator",
                "range" : 0,
                "forcePathRebuild" : false,
                "forceVisRebuild" : false,
                "showInTargetPreview" : false,
                "showInStatusPanel" : false
            },
            "effectType" : "StatisticEffect",
            "Description" : {
                "Id" : "StatusEffect-Jump-DistanceBoost",
                "Name" : "JUMP BOOSTER",
                "Details" : "Increases the distance this unit can travel when jumping by [AMT].",
                "Icon" : "uixSvgIcon_action_jump"
            },
            "nature" : "Buff",
            "statisticData" : {
                "statName" : "JumpDistanceMultiplier",
                "operation" : "Float_Add",
                "modValue" : "0.1",
                "modType" : "System.Single"
            }
        }
    ],
    "ComponentTags" : {
        "items" : [
            "BLACKLISTED",
			"BUILT-IN",
        ],
        "tagSetSourceFile" : ""
    }
}