
{
  "ChassisID": "chassisdef_archer_ARC-2Rb",
  "HeraldryID": null,
  "Description": {
    "Cost": 10200000,
    "Rarity": 4,
    "Purchasable": true,
    "Manufacturer": null,
    "Model": null,
    "UIName": "Archer ARC-2Rb",
    "Id": "mechdef_archer_ARC-2Rb",
    "Name": "Archer",
    "Details": "Equipped with Star League technology, the 2Rb variant of the Archer was built for SLDF Royal units starting in 2752. Built on an Endo Steel internal structure, this variant dropped one of the rear-firing medium lasers and one ton of ammunition to equip the LRM-20s with Artemis IV fire control systems and CASE. The 2Rb also used ten double heat sinks to keep the 'Mech cool.",
    "Icon": "uixTxrIcon_archer"
  },
  "simGameMechPartCost": 1020000,
  "Version": 1,
  "Locations": [
    {
      "DamageLevel": "Functional",
      "Location": "Head",
      "CurrentArmor": 45,
      "CurrentRearArmor": -1,
      "CurrentInternalStructure": 16,
      "AssignedArmor": 45,
      "AssignedRearArmor": -1
    },
    {
      "DamageLevel": "Functional",
      "Location": "LeftArm",
      "CurrentArmor": 110,
      "CurrentRearArmor": -1,
      "CurrentInternalStructure": 55,
      "AssignedArmor": 110,
      "AssignedRearArmor": -1
    },
    {
      "DamageLevel": "Functional",
      "Location": "LeftTorso",
      "CurrentArmor": 120,
      "CurrentRearArmor": 30,
      "CurrentInternalStructure": 75,
      "AssignedArmor": 120,
      "AssignedRearArmor": 30
    },
    {
      "DamageLevel": "Functional",
      "Location": "CenterTorso",
      "CurrentArmor": 165,
      "CurrentRearArmor": 50,
      "CurrentInternalStructure": 110,
      "AssignedArmor": 165,
      "AssignedRearArmor": 50
    },
    {
      "DamageLevel": "Functional",
      "Location": "RightTorso",
      "CurrentArmor": 120,
      "CurrentRearArmor": 30,
      "CurrentInternalStructure": 75,
      "AssignedArmor": 120,
      "AssignedRearArmor": 30
    },
    {
      "DamageLevel": "Functional",
      "Location": "RightArm",
      "CurrentArmor": 110,
      "CurrentRearArmor": -1,
      "CurrentInternalStructure": 55,
      "AssignedArmor": 110,
      "AssignedRearArmor": -1
    },
    {
      "DamageLevel": "Functional",
      "Location": "LeftLeg",
      "CurrentArmor": 150,
      "CurrentRearArmor": -1,
      "CurrentInternalStructure": 75,
      "AssignedArmor": 150,
      "AssignedRearArmor": -1
    },
    {
      "DamageLevel": "Functional",
      "Location": "RightLeg",
      "CurrentArmor": 150,
      "CurrentRearArmor": -1,
      "CurrentInternalStructure": 75,
      "AssignedArmor": 150,
      "AssignedRearArmor": -1
    }
  ],
  "inventory": [
    {
      "MountedLocation": "LeftTorso",
      "ComponentDefID": "Weapon_LRM_ALRM20_0-STOCK",
      "SimGameUID": null,
      "ComponentDefType": "Weapon",
      "HardpointSlot": 0,
      "GUID": null,
      "DamageLevel": "Functional",
      "prefabName": null,
      "hasPrefabName": false
    },
    {
      "MountedLocation": "LeftTorso",
      "ComponentDefID": "Ammo_AmmunitionBox_Generic_LRM",
      "SimGameUID": null,
      "ComponentDefType": "AmmunitionBox",
      "HardpointSlot": -1,
      "GUID": null,
      "DamageLevel": "Functional",
      "prefabName": null,
      "hasPrefabName": false
    },
    {
      "MountedLocation": "LeftTorso",
      "ComponentDefID": "Ammo_AmmunitionBox_Generic_LRM",
      "SimGameUID": null,
      "ComponentDefType": "AmmunitionBox",
      "HardpointSlot": -1,
      "GUID": null,
      "DamageLevel": "Functional",
      "prefabName": null,
      "hasPrefabName": false
    },
    {
      "MountedLocation": "RightTorso",
      "ComponentDefID": "Weapon_LRM_ALRM20_0-STOCK",
      "SimGameUID": null,
      "ComponentDefType": "Weapon",
      "HardpointSlot": 0,
      "GUID": null,
      "DamageLevel": "Functional",
      "prefabName": null,
      "hasPrefabName": false
    },
    {
      "MountedLocation": "RightTorso",
      "ComponentDefID": "Ammo_AmmunitionBox_Generic_LRM",
      "SimGameUID": null,
      "ComponentDefType": "AmmunitionBox",
      "HardpointSlot": -1,
      "GUID": null,
      "DamageLevel": "Functional",
      "prefabName": null,
      "hasPrefabName": false
    },
    {
      "MountedLocation": "CenterTorso",
      "ComponentDefID": "Weapon_Laser_MediumLaser_0-STOCK",
      "SimGameUID": null,
      "ComponentDefType": "Weapon",
      "HardpointSlot": 1,
      "GUID": null,
      "DamageLevel": "Functional",
      "prefabName": null,
      "hasPrefabName": false
    },
    {
      "MountedLocation": "LeftArm",
      "ComponentDefID": "Weapon_Laser_MediumLaser_0-STOCK",
      "SimGameUID": null,
      "ComponentDefType": "Weapon",
      "HardpointSlot": 0,
      "GUID": null,
      "DamageLevel": "Functional",
      "prefabName": null,
      "hasPrefabName": false
    },
    {
      "MountedLocation": "RightArm",
      "ComponentDefID": "Weapon_Laser_MediumLaser_0-STOCK",
      "SimGameUID": null,
      "ComponentDefType": "Weapon",
      "HardpointSlot": 0,
      "GUID": null,
      "DamageLevel": "Functional",
      "prefabName": null,
      "hasPrefabName": false
    }
  ],
  "MechTags": {
    "items": [
      "unit_mech",
      "unit_heavy",
      "unit_indirectFire",
      "unit_range_long",
      "unit_speed_low",
      "unit_armor_high",
      "unit_hot",
      "unit_lance_support",
      "unit_role_sniper",
      "unit_release",
      "unit_LosTech"
    ],
    "tagSetSourceFile": ""
  }
}