JadeFalcon,,,,,
Collection:Wolf,30,,30,,30
Collection:GhostBear,6,,6,,6
Collection:SmokeJaguar,6,,6,,6
Collection:SteelViper,20,,20,,20
Collection:NovaCat,6,,6,,6
Collection:DiamondShark,6,,6,,6
,,,,,
Dates,3049-01-01T00:00:00Z,,3052-01-01T00:00:00Z,,3057-01-01T00:00:00Z
Lights,,,,,
mechdef_koshi_mist_lynx-A,22,,22,,22
mechdef_dasher_fire_moth-A,11,,11,,11
mechdef_dasher_fire_moth-C,17,,17,,17
mechdef_koshi_mist_lynx-D,6,,6,,6
mechdef_koshi_mist_lynx-PRIME,56,,56,,56
mechdef_uller_kit_fox-PRIME,258,,258,,258
mechdef_uller_kit_fox-B,118,,118,,118
mechdef_uller_kit_fox-D,39,,39,,39
mechdef_uller_kit_fox-C,51,,51,,51
mechdef_koshi_mist_lynx-B,17,,17,,17
mechdef_dasher_fire_moth-PRIME,56,,56,,56
mechdef_puma_adder-D,11,,11,,11
mechdef_uller_kit_fox-A,84,,84,,84
mechdef_koshi_mist_lynx-C,11,,11,,11
mechdef_uller_kit_fox-S,11,,11,,11
mechdef_puma_adder-C,22,,22,,22
mechdef_puma_adder-B,17,,17,,17
mechdef_puma_adder-A,39,,39,,39
mechdef_puma_adder-PRIME,79,,79,,79
mechdef_koshi_mist_lynx-E,0,,0,3054-01-01T00:00:00Z,3
mechdef_uller_kit_fox-E,0,,0,3054-01-01T00:00:00Z,3
mechdef_uller_kit_fox-G,0,,0,3054-01-01T00:00:00Z,3
mechdef_vixen_incubus-1,2,,2,,11
mechdef_vixen_incubus-2,1,,1,,3
mechdef_vixen_incubus-3,1,,1,,3
mechdef_locust_IIC,1,,1,,4
mechdef_locust_IIC-2,1,,1,,4
Mediums,,,,,
mechdef_fenris_ice_ferret-C,12,,12,,12
mechdef_fenris_ice_ferret-A,37,,37,,37
mechdef_dragonfly_viper-C,24,,24,,24
mechdef_dragonfly_viper-PRIME,61,,61,,61
mechdef_black_hawk_nova-D,12,,12,,12
mechdef_fenris_ice_ferret-B,37,,37,,37
mechdef_black_hawk_nova-C,12,,12,,12
mechdef_black_hawk_nova-B,24,,24,,24
mechdef_fenris_ice_ferret-D,24,,24,,24
mechdef_fenris_ice_ferret-PRIME,73,,73,,73
mechdef_hunchback_IIC,73,,73,,73
mechdef_dragonfly_viper-D,37,,37,,37
mechdef_dragonfly_viper-B,24,,24,,24
mechdef_ryoken_stormcrow-D,37,,37,,37
mechdef_dragonfly_viper-A,37,,37,,37
mechdef_ryoken_stormcrow-PRIME,229,,229,,229
mechdef_ryoken_stormcrow-B,37,,37,,37
mechdef_ryoken_stormcrow-A,61,,61,,61
mechdef_black_hawk_nova-A,37,,37,,37
mechdef_black_hawk_nova-PRIME,37,,37,,37
mechdef_black_hawk_nova-E,0,,0,3054-01-01T00:00:00Z,3
mechdef_black_hawk_nova-S,0,3050-01-01T00:00:00Z,3,,3
mechdef_dragonfly_viper-E,0,,0,3054-01-01T00:00:00Z,3
mechdef_fenris_ice_ferret-E,0,,0,3056-01-01T00:00:00Z,3
mechdef_ryoken_stormcrow-E,0,,0,3054-01-01T00:00:00Z,3
mechdef_black_lanner-PRIME,0,,0,,6
mechdef_black_lanner-A,0,,0,3052-01-01T00:00:00Z,3
mechdef_black_lanner-B,0,,0,3052-01-01T00:00:00Z,3
mechdef_black_lanner-C,0,,0,3052-01-01T00:00:00Z,6
mechdef_black_lanner-D,0,,0,3052-01-01T00:00:00Z,6
Heavies,,,,,
mechdef_loki_hellbringer-B,72,,72,,72
mechdef_vulture_mad_dog-C,42,,42,,42
mechdef_vulture_mad_dog-A,42,,42,,42
mechdef_loki_hellbringer-A,72,,72,,72
mechdef_thor_summoner-A,96,,96,,96
mechdef_thor_summoner-B,66,,66,,66
mechdef_mad_cat_timber_wolf-B,24,,24,,24
mechdef_vulture_mad_dog-B,24,,24,,24
mechdef_thor_summoner-PRIME,132,,132,,132
mechdef_vulture_mad_dog-PRIME,72,,72,,72
mechdef_thor_summoner-C,42,,42,,42
mechdef_mad_cat_timber_wolf-C,18,,18,,18
mechdef_thor_summoner-D,24,,24,,24
mechdef_loki_hellbringer-PRIME,121,,121,,121
mechdef_mad_cat_timber_wolf-D,6,,6,,6
mechdef_mad_cat_timber_wolf-PRIME,42,,42,,42
mechdef_mad_cat_timber_wolf-A,30,,30,,30
mechdef_loki_hellbringer-C,0,,0,3054-01-01T00:00:00Z,3
mechdef_loki_hellbringer-F,0,,0,3054-01-01T00:00:00Z,3
mechdef_mad_cat_timber_wolf-E,0,,0,3054-01-01T00:00:00Z,3
mechdef_mad_cat_timber_wolf-S,0,3050-01-01T00:00:00Z,3,,3
mechdef_vulture_mad_dog-D,0,,0,3054-01-01T00:00:00Z,3
mechdef_linebacker-PRIME,0,,0,3052-01-01T00:00:00Z,6
mechdef_linebacker-A,0,,0,3052-01-01T00:00:00Z,3
mechdef_linebacker-B,0,,0,3052-01-01T00:00:00Z,3
mechdef_linebacker-C,0,,0,3052-01-01T00:00:00Z,3
mechdef_linebacker-D,0,,0,3052-01-01T00:00:00Z,3
mechdef_night_gyr-PRIME,0,,0,3052-01-01T00:00:00Z,12
mechdef_night_gyr-A,0,,0,3052-01-01T00:00:00Z,6
mechdef_night_gyr-B,0,,0,3052-01-01T00:00:00Z,3
mechdef_night_gyr-C,0,,0,3052-01-01T00:00:00Z,3
mechdef_night_gyr-D,0,,0,3052-01-01T00:00:00Z,3
mechdef_sun_spider-PRIME,0,3050-01-01T00:00:00Z,1,,2
mechdef_sun_spider-A,0,3050-01-01T00:00:00Z,1,,2
mechdef_sun_spider-C,0,3050-01-01T00:00:00Z,1,,2
Assaults,,,,,
mechdef_manowar_gargoyle-PRIME,208,,208,,208
mechdef_manowar_gargoyle-B,15,,15,,15
mechdef_masakari_warhawk-B,12,,12,,12
mechdef_masakari_warhawk-A,12,,12,,12
mechdef_manowar_gargoyle-C,45,,45,,45
mechdef_daishi_dire_wolf-B,15,,15,,15
mechdef_manowar_gargoyle-A,208,,208,,208
mechdef_gladiator_executioner-D,30,,30,,30
mechdef_daishi_dire_wolf-PRIME,45,,45,,45
mechdef_gladiator_executioner-C,59,,59,,59
mechdef_gladiator_executioner-PRIME,121,,121,,121
mechdef_daishi_dire_wolf-A,30,,30,,30
mechdef_gladiator_executioner-B,59,,59,,59
mechdef_masakari_warhawk-C,6,,6,,6
mechdef_gladiator_executioner-A,30,,30,,30
mechdef_masakari_warhawk-PRIME,30,,30,,30
mechdef_daishi_dire_wolf-C,0,,0,3054-01-01T00:00:00Z,3
mechdef_daishi_dire_wolf-S,0,3050-01-01T00:00:00Z,3,,3
mechdef_daishi_dire_wolf-W,3,,3,,3
mechdef_manowar_gargoyle-D,3,,3,,3
mechdef_masakari_warhawk-D,0,,0,3054-01-01T00:00:00Z,3
mechdef_marauder_IIC,2,,2,,30
mechdef_marauder_IIC-8,2,,2,,6
mechdef_warhammer_IIC,2,,2,,59
mechdef_highlander_IIC,2,,2,,3