LiaoA,,,,,,,
,,,,,,,
,,,,,,,
Dates,3025-01-01T00:00:00Z,,3039-01-01T00:00:00Z,,3050-01-01T00:00:00Z,,3057-01-01T00:00:00Z
Lights,,,,,,,
mechdef_wasp_WSP-1L,45,,51,,50,,79
mechdef_stinger_STG-3R,157,,150,,90,,63
mechdef_wasp_WSP-1W,3,,3,,3,,3
mechdef_wasp_WSP-1A,157,,150,,149,,76
mechdef_wasp_WSP-3M,0,,0,,0,3051-01-01T00:00:00Z,40
mechdef_locust_LCT-1V,95,,91,,72,,40
mechdef_stinger_STG-5M,0,,0,,0,3050-01-01T00:00:00Z,40
mechdef_locust_LCT-1L,0,,0,,0,,40
mechdef_ostscout_OTT-7K,0,,0,,0,3050-01-01T00:00:00Z,28
mechdef_locust_LCT-3V,9,,8,,8,,7
mechdef_stinger_STG-3G,48,,45,,45,,40
mechdef_flea_FLE-17,0,,0,3049-01-01T00:00:00Z,23,,28
mechdef_locust_LCT-1E,77,,73,,45,,40
mechdef_javelin_JVN-10N,24,,23,,23,,11
mechdef_ostscout_OTT-7J,24,,23,,23,,28
mechdef_hermes_HER-1A,9,,8,,8,,0
mechdef_falcon_FLC-4N,5,,5,,5,,0
mechdef_spider_SDR-5V,33,,32,,32,,28
mechdef_raven_RVN-1X,13,,33,,72,,0
mechdef_raven_RVN-3M,0,,0,,0,3053-01-01T00:00:00Z,63
mechdef_hermes_HER-1B,10,,5,,5,,0
mechdef_raven_RVN-3X,0,3029-10-01T00:00:00Z,6,,23,,20
mechdef_firestarter_FS9-H,152,,146,,111,,40
mechdef_raven_RVN-3L,0,,0,3048-01-01T00:00:00Z,46,,63
mechdef_mongoose_MON-67,18,,16,,16,,0
mechdef_eagle_EGL-1M,0,,0,,0,3056-12-01T00:00:00Z,40
mechdef_firestarter_FS9-K,10,,10,,0,,0
mechdef_hammer_HMR-3M,0,,0,,0,3053-01-01T00:00:00Z,40
mechdef_raven_RVN-4X,0,3031-01-01T00:00:00Z,16,,46,,79
mechdef_javelin_JVN-10F,10,,10,,10,,4
mechdef_jackal_JA-KL-1532,0,,0,,0,3052-01-01T00:00:00Z,63
Mediums,,,,,,,
mechdef_vulcan_VL-2T,0,,0,,0,,4
mechdef_cicada_CDA-2A,5,,12,,0,,20
mechdef_clint_CLNT-1-2R,5,,4,,3,,0
mechdef_clint_CLNT-2-3T,8,,8,,8,,0
mechdef_vulcan_VL-5M,0,,0,,0,3050-01-01T00:00:00Z,28
mechdef_cicada_CDA-3M,0,,0,,0,3050-01-01T00:00:00Z,28
mechdef_vulcan_VL-5T,5,,4,,5,,4
mechdef_centurion_CN9-A,8,,4,,5,,4
mechdef_vindicator_VND-1AA,8,,8,,8,,7
mechdef_snake_SNK-1V,0,,0,,0,3053-01-01T00:00:00Z,40
mechdef_whitworth_WTH-1,13,,13,,13,,0
mechdef_trebuchet_TBT-5S,5,,4,,5,,4
mechdef_wyvern_WVE-6N,8,,8,,8,,11
mechdef_vindicator_VND-1X,5,,4,,0,,0
mechdef_vindicator_VND-1R,226,,230,,228,,197
mechdef_phoenixhawk_PXH-1,149,,148,,152,,130
mechdef_hunchback_HBK-4G,45,,45,,32,,28
mechdef_hunchback_HBK-4SP,0,3025-09-01T00:00:00Z,4,,8,,7
mechdef_shadowhawk_SHD-2H,72,,72,,74,,63
mechdef_hunchback_HBK-4H,5,,4,,5,,4
mechdef_clint_CLNT-2-3U,0,,0,,0,3050-01-01T00:00:00Z,20
mechdef_hunchback_HBK-4N,5,,4,,5,,4
mechdef_wolverine_WVR-6R,72,,72,,74,,20
mechdef_vindicator_VND-3L,0,,0,,0,3051-01-01T00:00:00Z,79
mechdef_hunchback_HBK-4P,5,,4,,5,,4
mechdef_crab_CRB-20,8,,8,,8,,11
mechdef_hunchback_HBK-4J,5,,4,,5,,4
mechdef_dervish_DV-6M,23,,22,,23,,20
mechdef_trebuchet_TBT-5N,50,,46,,40,,28
mechdef_griffin_GRF-1N,144,,144,,148,,20
mechdef_wraith_TR1,0,,0,,0,3055-01-01T00:00:00Z,20
mechdef_phoenixhawk_PXH-3M,0,,0,,0,3050-01-01T00:00:00Z,28
mechdef_cronus_CNS-3M,0,3031-01-01T00:00:00Z,10,,16,,11
mechdef_trebuchet_TBT-7M,0,,0,,0,3050-01-01T00:00:00Z,40
mechdef_shadowhawk_SHD-5M,0,,0,,0,3050-01-01T00:00:00Z,28
mechdef_griffin_GRF-3M,0,,0,,0,3050-01-01T00:00:00Z,28
mechdef_huronwarrior_HUR-WO-R4L,0,,0,,0,3055-01-01T00:00:00Z,28
mechdef_wolverine_WVR-7M,0,,0,,0,3050-01-01T00:00:00Z,28
Heavies,,,,,,,
mechdef_jagermech_JM6-S,0,,0,,0,,11
mechdef_champion_CHP-2N,20,,60,,0,,0
mechdef_quickdraw_QKD-4G,11,,10,,5,,3
mechdef_quickdraw_QKD-5A,4,,4,,5,,3
mechdef_merlin_MLN-1A,4,,4,,14,,17
mechdef_rifleman_RFL-5M,0,,0,,0,3050-01-01T00:00:00Z,33
mechdef_ostroc_OSR-2C,28,,26,,9,,6
mechdef_ostroc_OSR-2L,4,,4,,5,,3
mechdef_quickdraw_QKD-5M,0,,0,,0,3050-01-01T00:00:00Z,33
mechdef_quickdraw_QKD-4H,4,,4,,5,,3
mechdef_ostsol_OTL-4D,64,,60,,34,,23
mechdef_catapult_CPLT-A1,4,,4,,5,,3
mechdef_ostroc_OSR-3C,4,,4,,5,,3
mechdef_crusader_CRD-3L,132,,123,,246,,111
mechdef_orion_ON1-V,4,,4,,5,,3
mechdef_warhammer_WHM-6R,61,,60,,34,,23
mechdef_crusader_CRD-4D,0,,0,,0,3050-01-01T00:00:00Z,6
mechdef_warhammer_WHM-6L,20,,19,,14,,9
mechdef_warhammer_WHM-6L-DC,3,,3,,3,,3
mechdef_cataphract_CTF-1X,11,,60,,162,,54
mechdef_crusader_CRD-3R,28,,26,,25,,17
mechdef_orion_ON1-VA,4,,4,,5,,3
mechdef_thunderbolt_TDR-5S,132,,60,,49,,33
mechdef_archer_ARC-2W,3,,3,,3,,3
mechdef_cataphract_CTF-2X,0,3027-01-01T00:00:00Z,26,,79,,33
mechdef_cataphract_CTF-0X,3,,3,,3,,3
mechdef_catapult_CPLT-C4,4,,4,,5,,0
mechdef_marauder_MAD-3R,20,,19,,9,,9
mechdef_catapult_CPLT-C3,0,,0,3044-01-01T00:00:00Z,14,,33
mechdef_marauder_MAD-3L,11,,10,,9,,9
mechdef_guillotine_GLT-4P,4,,4,,0,,0
mechdef_ostroc_OSR-2D,0,,0,,0,3050-01-01T00:00:00Z,3
mechdef_catapult_CPLT-C1,40,,37,,14,,3
mechdef_guillotine_GLT-4L,20,,19,,18,,6
mechdef_crusader_CRD-5M,0,,0,,0,3050-01-01T00:00:00Z,54
mechdef_thunderbolt_TDR-5SE,3,,3,,3,,3
mechdef_grasshopper_GHR-5H,29,,33,,28,,9
mechdef_orion_ON1-K,56,,52,,50,,17
mechdef_anvil_ANV-3M,0,,0,,0,3055-01-01T00:00:00Z,17
mechdef_catapult_CPLT-C4C,0,,0,,0,3055-01-01T00:00:00Z,9
mechdef_stalker_STK-4P,14,,14,,18,,6
mechdef_thunder_THR-1L,0,,0,,0,3055-01-01T00:00:00Z,54
mechdef_marauder_MAD-5M,0,,0,,0,3051-01-01T00:00:00Z,17
mechdef_guillotine_GLT-5M,0,,0,,0,3050-01-01T00:00:00Z,23
mechdef_archer_ARC-2R,122,,120,,68,,23
mechdef_thunderbolt_TDR-7M,0,,0,,0,3050-01-01T00:00:00Z,54
mechdef_grasshopper_GHR-5N,0,,0,3040-01-01T00:00:00Z,18,,6
mechdef_cataphract_CTF-3L,0,,0,,0,3050-01-01T00:00:00Z,167
mechdef_gallowglas_GAL-1GLS,0,,0,,0,3055-01-01T00:00:00Z,9
mechdef_archer_ARC-4M,0,,0,,0,3050-01-01T00:00:00Z,33
mechdef_gallowglas_GAL-2GLS,0,,0,,0,3055-01-01T00:00:00Z,6
Assaults,,,,,,,
mechdef_victor_VTR-9A,0,,8,,9,,20
mechdef_victor_VTR-9A1,7,,10,,13,,20
mechdef_cyclops_CP-10-Z,35,,16,,20,,40
mechdef_cyclops_CP-10-Z-DC,2,,2,,2,,2
mechdef_longbow_LGB-0W,54,,54,,36,,28
mechdef_victor_VTR-9B,267,,271,,362,,202
mechdef_annihilator_ANH-1A,3,,3,,3,,3
mechdef_charger_CGR-1A5,5,,5,,7,,28
mechdef_awesome_AWS-8R,5,,5,,7,,4
mechdef_striker_STC-2C,54,,54,,51,,40
mechdef_awesome_AWS-8V,5,,5,,7,,4
mechdef_battlemaster_BLR-1G,54,,38,,36,,40
mechdef_cyclops_CP-11-A,0,,0,3045-01-01T00:00:00Z,7,,4
mechdef_cyclops_CP-11-C,0,,0,3049-12-01T00:00:00Z,7,,4
mechdef_stalker_STK-4N,5,,5,,7,,4
mechdef_stalker_STK-3F,86,,86,,51,,20
mechdef_cyclops_CP-10-Q,10,,10,,13,,7
mechdef_linesman_LMN-1PT,1,,1,,0,,0
mechdef_awesome_AWS-8T,5,,5,,7,,4
mechdef_charger_CGR-SB,0,3025-07-01T00:00:00Z,3,,3,,3
mechdef_awesome_AWS-8Q,86,,86,,51,,65
mechdef_longbow_LGB-7Q,15,,15,,13,,28
mechdef_stalker_STK-3H,5,,5,,7,,4
mechdef_striker_STC-2D,0,,0,,0,3056-01-01T00:00:00Z,83
mechdef_stalker_STK-5M,0,,0,,0,3050-01-01T00:00:00Z,65
mechdef_battlemaster_BLR-3M,0,,0,,0,3050-01-01T00:00:00Z,28
mechdef_atlas_AS7-A,10,,10,,13,,28
mechdef_highlander_HGN-733,104,,104,,119,,65
mechdef_kingcrab_KGC-0000,20,,20,,14,,20
mechdef_awesome_AWS-9M,0,,0,,0,3049-01-01T00:00:00Z,65
mechdef_longbow_LGB-7V,0,,0,,0,3056-01-01T00:00:00Z,7
mechdef_highlander_HGN-733C,20,,20,,26,,7
mechdef_highlander_HGN-733P,20,,20,,26,,7
mechdef_atlas_AS7-D,30,,30,,26,,28
mechdef_cerberus_MR-V2,0,,0,,0,3054-01-01T00:00:00Z,20
mechdef_cyclops_CP-10-HQ,10,,10,,14,,11
mechdef_marauderII_MAD-4A,3,,3,,3,,3
mechdef_pillager_PLG-1N,5,,8,,10,,15