DiamondShark,,,,,
Collection:GhostBear,12,,12,,12
Collection:JadeFalcon,13,,13,,13
Collection:SmokeJaguar,12,,12,,12
Collection:SteelViper,13,,13,,13
Collection:NovaCat,12,,12,,12
Collection:DiamondShark,13,,13,,13
,,,,,
Dates,3049-01-01T00:00:00Z,,3052-01-01T00:00:00Z,,3057-01-01T00:00:00Z
Lights,,,,,
mechdef_koshi_mist_lynx-A,46,,46,,46
mechdef_dasher_fire_moth-A,23,,23,,23
mechdef_dasher_fire_moth-C,35,,35,,35
mechdef_koshi_mist_lynx-D,23,,23,,23
mechdef_koshi_mist_lynx-PRIME,115,,115,,115
mechdef_dasher_fire_moth-B,35,,35,,35
mechdef_uller_kit_fox-PRIME,69,,69,,69
mechdef_uller_kit_fox-B,53,,53,,53
mechdef_uller_kit_fox-D,12,,12,,12
mechdef_uller_kit_fox-C,12,,12,,12
mechdef_koshi_mist_lynx-B,35,,35,,35
mechdef_dasher_fire_moth-PRIME,69,,69,,69
mechdef_puma_adder-D,81,,81,,81
mechdef_uller_kit_fox-A,23,,23,,23
mechdef_koshi_mist_lynx-C,12,,12,,12
mechdef_uller_kit_fox-S,5,,5,,5
mechdef_puma_adder-C,81,,81,,81
mechdef_puma_adder-B,46,,46,,46
mechdef_puma_adder-A,92,,92,,92
mechdef_puma_adder-PRIME,46,,46,,46
mechdef_dasher_fire_moth-D,12,,12,,12
mechdef_koshi_mist_lynx-E,0,,0,3054-01-01T00:00:00Z,3
mechdef_uller_kit_fox-E,0,,0,3054-01-01T00:00:00Z,3
mechdef_uller_kit_fox-G,0,,0,3054-01-01T00:00:00Z,3
mechdef_jenner_IIC,2,,2,,6
mechdef_jenner_IIC-2,1,,1,,3
mechdef_jenner_IIC-3,1,,1,,3
mechdef_piranha-1,0,3051-01-01T00:00:00Z,3,,6
Mediums,,,,,
mechdef_fenris_ice_ferret-C,24,,24,,24
mechdef_fenris_ice_ferret-A,37,,37,,37
mechdef_dragonfly_viper-C,24,,24,,24
mechdef_dragonfly_viper-PRIME,61,,61,,61
mechdef_fenris_ice_ferret-B,37,,37,,37
mechdef_fenris_ice_ferret-D,37,,37,,37
mechdef_fenris_ice_ferret-PRIME,49,,49,,49
mechdef_hunchback_IIC,73,,73,,73
mechdef_dragonfly_viper-D,37,,37,,37
mechdef_dragonfly_viper-B,24,,24,,24
mechdef_ryoken_stormcrow-D,97,,97,,97
mechdef_dragonfly_viper-A,37,,37,,37
mechdef_ryoken_stormcrow-PRIME,37,,37,,37
mechdef_ryoken_stormcrow-B,97,,97,,97
mechdef_ryoken_stormcrow-A,132,,132,,132
mechdef_black_hawk_nova-A,49,,49,,49
mechdef_black_hawk_nova-PRIME,73,,73,,73
mechdef_black_hawk_nova-E,0,,0,3054-01-01T00:00:00Z,3
mechdef_black_hawk_nova-S,0,3050-01-01T00:00:00Z,3,,3
mechdef_dragonfly_viper-E,0,,0,3054-01-01T00:00:00Z,3
mechdef_fenris_ice_ferret-E,0,,0,3056-01-01T00:00:00Z,3
mechdef_ryoken_stormcrow-E,0,,0,3054-01-01T00:00:00Z,3
mechdef_goshawk_vapor_eagle-1,2,,2,,3
mechdef_goshawk_vapor_eagle-2,2,,2,,3
Heavies,,,,,
mechdef_loki_hellbringer-B,54,,54,,54
mechdef_vulture_mad_dog-C,75,,75,,75
mechdef_vulture_mad_dog-A,74,,74,,74
mechdef_loki_hellbringer-A,74,,74,,74
mechdef_thor_summoner-A,53,,53,,53
mechdef_mad_cat_timber_wolf-B,43,,43,,43
mechdef_vulture_mad_dog-B,74,,74,,74
mechdef_thor_summoner-PRIME,85,,85,,85
mechdef_vulture_mad_dog-PRIME,96,,96,,96
mechdef_thor_summoner-C,21,,21,,21
mechdef_mad_cat_timber_wolf-C,21,,21,,21
mechdef_thor_summoner-D,21,,21,,21
mechdef_loki_hellbringer-PRIME,85,,85,,85
mechdef_mad_cat_timber_wolf-D,11,,11,,11
mechdef_mad_cat_timber_wolf-PRIME,85,,85,,85
mechdef_mad_cat_timber_wolf-A,53,,53,,53
mechdef_loki_hellbringer-C,0,,0,3054-01-01T00:00:00Z,3
mechdef_loki_hellbringer-F,0,,0,3054-01-01T00:00:00Z,3
mechdef_mad_cat_timber_wolf-E,0,,0,3054-01-01T00:00:00Z,3
mechdef_mad_cat_timber_wolf-S,0,3050-01-01T00:00:00Z,3,,3
mechdef_vulture_mad_dog-D,0,,0,3054-01-01T00:00:00Z,3
mechdef_viper_black_python-1,0,3051-01-01T00:00:00Z,3,,6
mechdef_viper_black_python-2,0,,0,3052-01-01T00:00:00Z,3
mechdef_rifleman_IIC,2,,2,,21
mechdef_sun_spider-PRIME,0,3050-01-01T00:00:00Z,1,,2
mechdef_sun_spider-A,0,3050-01-01T00:00:00Z,1,,2
mechdef_sun_spider-C,0,3050-01-01T00:00:00Z,1,,2
Assaults,,,,,
mechdef_manowar_gargoyle-PRIME,213,,213,,213
mechdef_naga-C,4,,4,,4
mechdef_naga-PRIME,31,,31,,31
mechdef_naga-D,4,,4,,4
mechdef_naga-A,4,,4,,4
mechdef_naga-B,11,,11,,11
mechdef_manowar_gargoyle-B,142,,142,,142
mechdef_masakari_warhawk-B,18,,18,,18
mechdef_masakari_warhawk-A,18,,18,,18
mechdef_manowar_gargoyle-C,142,,142,,142
mechdef_daishi_dire_wolf-B,18,,18,,18
mechdef_manowar_gargoyle-A,36,,36,,36
mechdef_gladiator_executioner-D,18,,18,,18
mechdef_daishi_dire_wolf-PRIME,53,,53,,53
mechdef_gladiator_executioner-PRIME,71,,71,,71
mechdef_daishi_dire_wolf-A,53,,53,,53
mechdef_gladiator_executioner-B,36,,36,,36
mechdef_masakari_warhawk-C,7,,7,,7
mechdef_gladiator_executioner-A,18,,18,,18
mechdef_masakari_warhawk-PRIME,28,,28,,28
mechdef_daishi_dire_wolf-C,0,,0,3054-01-01T00:00:00Z,3
mechdef_daishi_dire_wolf-S,0,3050-01-01T00:00:00Z,3,,3
mechdef_daishi_dire_wolf-W,3,,3,,3
mechdef_manowar_gargoyle-D,3,,3,,3
mechdef_masakari_warhawk-D,0,,0,3054-01-01T00:00:00Z,3
mechdef_supernova-1,2,,2,,36
mechdef_marauder_IIC,2,,2,,18
mechdef_marauder_IIC-8,2,,2,,7
mechdef_warhammer_IIC,2,,2,,18
mechdef_highlander_IIC,2,,2,,3