{
  "MechTags": {
    "items": [
      "unit_release",
      "unit_mech",
      "unit_medium",
      "unit_ready",
      "unit_lance_tank",
      "unit_lance_assassin",
      "unit_lance_vanguard",
      "unit_role_brawler",
      "unit_range_short",
      "unit_jumpOK",
      "unit_LosTech"
    ],
    "tagSetSourceFile": ""
  },
  "ChassisID": "chassisdef_shadowhawk_SHD-2Hb",
  "HeraldryID": null,
  "Description": {
    "Cost": 9080000,
    "Rarity": 4,
    "Purchasable": true,
    "Manufacturer": null,
    "Model": null,
    "UIName": "Shadow Hawk SHD-2Hb",
    "Id": "mechdef_shadowhawk_SHD-2Hb",
    "Name": "Shadow Hawk",
    "Details": "The SLDF Royal upgrade of the Shadow Hawk changes the role of the 'Mech to a close-range brawler. Introduced in 2752 the weapon systems are replaced with an LB 10-X AC, two Streak SRM-2s and two medium lasers. The heat sinks are double-strength models and the ammo is protected by CASE. To save weight it uses an Endo-Steel chassis and Ferro-Fibrous armor.",
    "Icon": "uixTxrIcon_shadowhawk"
  },
  "simGameMechPartCost": 908000,
  "Version": 1,
  "Locations": [
    {
      "DamageLevel": "Functional",
      "Location": "Head",
      "CurrentArmor": 45,
      "CurrentRearArmor": -1,
      "CurrentInternalStructure": 16,
      "AssignedArmor": 45,
      "AssignedRearArmor": -1
    },
    {
      "DamageLevel": "Functional",
      "Location": "LeftArm",
      "CurrentArmor": 80,
      "CurrentRearArmor": -1,
      "CurrentInternalStructure": 45,
      "AssignedArmor": 80,
      "AssignedRearArmor": -1
    },
    {
      "DamageLevel": "Functional",
      "Location": "LeftTorso",
      "CurrentArmor": 90,
      "CurrentRearArmor": 30,
      "CurrentInternalStructure": 65,
      "AssignedArmor": 90,
      "AssignedRearArmor": 30
    },
    {
      "DamageLevel": "Functional",
      "Location": "CenterTorso",
      "CurrentArmor": 115,
      "CurrentRearArmor": 40,
      "CurrentInternalStructure": 90,
      "AssignedArmor": 115,
      "AssignedRearArmor": 40
    },
    {
      "DamageLevel": "Functional",
      "Location": "RightTorso",
      "CurrentArmor": 90,
      "CurrentRearArmor": 30,
      "CurrentInternalStructure": 65,
      "AssignedArmor": 90,
      "AssignedRearArmor": 30
    },
    {
      "DamageLevel": "Functional",
      "Location": "RightArm",
      "CurrentArmor": 80,
      "CurrentRearArmor": -1,
      "CurrentInternalStructure": 45,
      "AssignedArmor": 80,
      "AssignedRearArmor": -1
    },
    {
      "DamageLevel": "Functional",
      "Location": "LeftLeg",
      "CurrentArmor": 80,
      "CurrentRearArmor": -1,
      "CurrentInternalStructure": 65,
      "AssignedArmor": 80,
      "AssignedRearArmor": -1
    },
    {
      "DamageLevel": "Functional",
      "Location": "RightLeg",
      "CurrentArmor": 80,
      "CurrentRearArmor": -1,
      "CurrentInternalStructure": 65,
      "AssignedArmor": 80,
      "AssignedRearArmor": -1
    }
  ],
  "inventory": [
    {
      "MountedLocation": "Head",
      "ComponentDefID": "Weapon_SRM_SSRM2_0-STOCK",
      "SimGameUID": null,
      "ComponentDefType": "Weapon",
      "HardpointSlot": 0,
      "GUID": null,
      "DamageLevel": "Functional",
      "prefabName": null,
      "hasPrefabName": false
    },
    {
      "MountedLocation": "LeftArm",
      "ComponentDefID": "Weapon_Laser_MediumLaser_0-STOCK",
      "SimGameUID": null,
      "ComponentDefType": "Weapon",
      "HardpointSlot": 0,
      "GUID": null,
      "DamageLevel": "Functional",
      "prefabName": null,
      "hasPrefabName": false
    },
    {
      "MountedLocation": "LeftTorso",
      "ComponentDefID": "Weapon_Autocannon_LB10X_Sa_0-STOCK",
      "SimGameUID": null,
      "ComponentDefType": "Weapon",
      "HardpointSlot": 0,
      "GUID": null,
      "DamageLevel": "Functional",
      "prefabName": null,
      "hasPrefabName": false
    },
    {
      "MountedLocation": "LeftTorso",
      "ComponentDefID": "Gear_JumpJet_Generic_Standard",
      "SimGameUID": null,
      "ComponentDefType": "JumpJet",
      "HardpointSlot": -1,
      "GUID": null,
      "DamageLevel": "Functional",
      "prefabName": null,
      "hasPrefabName": false
    },
    {
      "MountedLocation": "CenterTorso",
      "ComponentDefID": "Gear_JumpJet_Generic_Standard",
      "SimGameUID": null,
      "ComponentDefType": "JumpJet",
      "HardpointSlot": -1,
      "GUID": null,
      "DamageLevel": "Functional",
      "prefabName": null,
      "hasPrefabName": false
    },
    {
      "MountedLocation": "RightTorso",
      "ComponentDefID": "Weapon_SRM_SSRM2_0-STOCK",
      "SimGameUID": null,
      "ComponentDefType": "Weapon",
      "HardpointSlot": 0,
      "GUID": null,
      "DamageLevel": "Functional",
      "prefabName": null,
      "hasPrefabName": false
    },
    {
      "MountedLocation": "RightTorso",
      "ComponentDefID": "Ammo_AmmunitionBox_Generic_SRM",
      "SimGameUID": null,
      "ComponentDefType": "AmmunitionBox",
      "HardpointSlot": -1,
      "GUID": null,
      "DamageLevel": "Functional",
      "prefabName": null,
      "hasPrefabName": false
    },
    {
      "MountedLocation": "RightTorso",
      "ComponentDefID": "Ammo_AmmunitionBox_Generic_LB10X",
      "SimGameUID": null,
      "ComponentDefType": "AmmunitionBox",
      "HardpointSlot": -1,
      "GUID": null,
      "DamageLevel": "Functional",
      "prefabName": null,
      "hasPrefabName": false
    },
    {
      "MountedLocation": "RightTorso",
      "ComponentDefID": "Ammo_AmmunitionBox_Generic_AC10",
      "SimGameUID": null,
      "ComponentDefType": "AmmunitionBox",
      "HardpointSlot": -1,
      "GUID": null,
      "DamageLevel": "Functional",
      "prefabName": null,
      "hasPrefabName": false
    },
    {
      "MountedLocation": "RightTorso",
      "ComponentDefID": "Gear_HeatSink_Generic_Double",
      "SimGameUID": null,
      "ComponentDefType": "HeatSink",
      "HardpointSlot": -1,
      "GUID": null,
      "DamageLevel": "Functional",
      "prefabName": null,
      "hasPrefabName": false
    },
    {
      "MountedLocation": "RightTorso",
      "ComponentDefID": "Gear_JumpJet_Generic_Standard",
      "SimGameUID": null,
      "ComponentDefType": "JumpJet",
      "HardpointSlot": -1,
      "GUID": null,
      "DamageLevel": "Functional",
      "prefabName": null,
      "hasPrefabName": false
    },
    {
      "MountedLocation": "RightArm",
      "ComponentDefID": "Weapon_Laser_MediumLaser_0-STOCK",
      "SimGameUID": null,
      "ComponentDefType": "Weapon",
      "HardpointSlot": 0,
      "GUID": null,
      "DamageLevel": "Functional",
      "prefabName": null,
      "hasPrefabName": false
    }
  ]
}