{
  "MechTags": {
    "items": [
      "unit_mech",
      "unit_light",
      "unit_jumpOK",
      "unit_range_medium",
      "unit_speed_high",
      "unit_armor_high",
      "unit_hot",
      "unit_lance_assassin",
      "unit_role_scout",
      "unit_release",
      "unit_LosTech"
    ],
    "tagSetSourceFile": ""
  },
  "ChassisID": "chassisdef_spector_SPR-4F",
  "HeraldryID": null,
  "Description": {
    "Cost": 12990000,
    "Rarity": 5,
    "Purchasable": true,
    "Manufacturer": null,
    "Model": null,
    "UIName": "Spector SPR-4F",
    "Id": "mechdef_spector_SPR-4F",
    "Name": "Spector",
    "Details": "The Spector was originally designed by Norse-Storm BattleMechs to be a lighter version of the Exterminator BattleMech, made to hunt down light command 'Mechs. The first Spector rolled off the assembly line on 6 June, 2639, and following extensive testing the SLDF ordered 600. The Star League's enthusiasm for the Spector is due to the BattleMechs stealth capabilities, combining both Chameleon Light Polarization Shield and a Null Signature System. This first order for the SPR-4F was delivered in April 2640. All Spectors, and all reports on them, were believed lost with the fall of the Star League.",
    "Icon": "uixTxrIcon_goshawk"
  },
  "simGameMechPartCost": 1300000,
  "Version": 1,
  "Locations": [
    {
      "DamageLevel": "Functional",
      "Location": "Head",
      "CurrentArmor": 45,
      "CurrentRearArmor": -1,
      "CurrentInternalStructure": 16,
      "AssignedArmor": 45,
      "AssignedRearArmor": -1
    },
    {
      "DamageLevel": "Functional",
      "Location": "LeftArm",
      "CurrentArmor": 60,
      "CurrentRearArmor": -1,
      "CurrentInternalStructure": 30,
      "AssignedArmor": 60,
      "AssignedRearArmor": -1
    },
    {
      "DamageLevel": "Functional",
      "Location": "LeftTorso",
      "CurrentArmor": 60,
      "CurrentRearArmor": 20,
      "CurrentInternalStructure": 40,
      "AssignedArmor": 60,
      "AssignedRearArmor": 20
    },
    {
      "DamageLevel": "Functional",
      "Location": "CenterTorso",
      "CurrentArmor": 90,
      "CurrentRearArmor": 25,
      "CurrentInternalStructure": 55,
      "AssignedArmor": 90,
      "AssignedRearArmor": 25
    },
    {
      "DamageLevel": "Functional",
      "Location": "RightTorso",
      "CurrentArmor": 60,
      "CurrentRearArmor": 20,
      "CurrentInternalStructure": 40,
      "AssignedArmor": 60,
      "AssignedRearArmor": 20
    },
    {
      "DamageLevel": "Functional",
      "Location": "RightArm",
      "CurrentArmor": 60,
      "CurrentRearArmor": -1,
      "CurrentInternalStructure": 30,
      "AssignedArmor": 60,
      "AssignedRearArmor": -1
    },
    {
      "DamageLevel": "Functional",
      "Location": "LeftLeg",
      "CurrentArmor": 80,
      "CurrentRearArmor": -1,
      "CurrentInternalStructure": 40,
      "AssignedArmor": 80,
      "AssignedRearArmor": -1
    },
    {
      "DamageLevel": "Functional",
      "Location": "RightLeg",
      "CurrentArmor": 80,
      "CurrentRearArmor": -1,
      "CurrentInternalStructure": 40,
      "AssignedArmor": 80,
      "AssignedRearArmor": -1
    }
  ],
  "inventory": [
    {
      "MountedLocation": "LeftArm",
      "ComponentDefID": "Weapon_Laser_MediumLaser_0-STOCK",
      "SimGameUID": null,
      "ComponentDefType": "Weapon",
      "HardpointSlot": -1,
      "GUID": null,
      "DamageLevel": "Functional",
      "prefabName": null,
      "hasPrefabName": false
    },
    {
      "MountedLocation": "LeftArm",
      "ComponentDefID": "Weapon_Laser_MediumLaser_0-STOCK",
      "SimGameUID": null,
      "ComponentDefType": "Weapon",
      "HardpointSlot": -1,
      "GUID": null,
      "DamageLevel": "Functional",
      "prefabName": null,
      "hasPrefabName": false
    },
    {
      "MountedLocation": "LeftTorso",
      "ComponentDefID": "Gear_JumpJet_Generic_Standard",
      "SimGameUID": null,
      "ComponentDefType": "JumpJet",
      "HardpointSlot": -1,
      "GUID": null,
      "DamageLevel": "Functional",
      "prefabName": null,
      "hasPrefabName": false
    },
    {
      "MountedLocation": "LeftTorso",
      "ComponentDefID": "Gear_JumpJet_Generic_Standard",
      "SimGameUID": null,
      "ComponentDefType": "JumpJet",
      "HardpointSlot": -1,
      "GUID": null,
      "DamageLevel": "Functional",
      "prefabName": null,
      "hasPrefabName": false
    },
    {
      "MountedLocation": "LeftTorso",
      "ComponentDefID": "Gear_JumpJet_Generic_Standard",
      "SimGameUID": null,
      "ComponentDefType": "JumpJet",
      "HardpointSlot": -1,
      "GUID": null,
      "DamageLevel": "Functional",
      "prefabName": null,
      "hasPrefabName": false
    },
    {
      "MountedLocation": "CenterTorso",
      "ComponentDefID": "Gear_JumpJet_Generic_Standard",
      "SimGameUID": null,
      "ComponentDefType": "JumpJet",
      "HardpointSlot": 1,
      "GUID": null,
      "DamageLevel": "Functional",
      "prefabName": null,
      "hasPrefabName": false
    },
    {
      "MountedLocation": "RightTorso",
      "ComponentDefID": "Gear_JumpJet_Generic_Standard",
      "SimGameUID": null,
      "ComponentDefType": "JumpJet",
      "HardpointSlot": -1,
      "GUID": null,
      "DamageLevel": "Functional",
      "prefabName": null,
      "hasPrefabName": false
    },
    {
      "MountedLocation": "RightTorso",
      "ComponentDefID": "Gear_JumpJet_Generic_Standard",
      "SimGameUID": null,
      "ComponentDefType": "JumpJet",
      "HardpointSlot": -1,
      "GUID": null,
      "DamageLevel": "Functional",
      "prefabName": null,
      "hasPrefabName": false
    },
    {
      "MountedLocation": "RightTorso",
      "ComponentDefID": "Gear_JumpJet_Generic_Standard",
      "SimGameUID": null,
      "ComponentDefType": "JumpJet",
      "HardpointSlot": -1,
      "GUID": null,
      "DamageLevel": "Functional",
      "prefabName": null,
      "hasPrefabName": false
    },
    {
      "MountedLocation": "RightArm",
      "ComponentDefID": "Weapon_Laser_LargeLaser_0-STOCK",
      "SimGameUID": null,
      "ComponentDefType": "Weapon",
      "HardpointSlot": -1,
      "GUID": null,
      "DamageLevel": "Functional",
      "prefabName": null,
      "hasPrefabName": false
    }
  ]
}