{
    "Name": "OldtimerPack",
    "Enabled": true,

    "Version": "1.4.2",
    "Description": "Some mechs of the SLDF times, including Royal models and Helm-tech SPR-5F + Marauder II 5A, B and C models. Also added some Clanbusters.",
    "Author": "Hounfor",
    "Manifest": [
	{ "Type": "BaseDescriptionDef", "Path": "descriptions" },
	{ "Type": "ChassisDef", "Path": "chassis", "AddToDB": true },
	{ "Type": "MechDef", "Path": "mech", "AddToDB": true },
        { "Type": "ItemCollectionDef", "Path": "itemCollectionsAppend", "ShouldAppendText": true },
	{ "Type": "SimGameEventDef", "Path": "events" },
        { "Type": "Sprite", "Path": "portraits" },
        { "Type": "Sprite", "Path": "emblems", "AddToAddendum": "PlayerEmblems" },
        { "Type": "Texture2D", "Path": "emblems", "AddToAddendum": "PlayerEmblems" },
	{ "Type": "UpgradeDef", "Path": "upgrades", "AddToDB": true },
	{ "Type": "WeaponDef", "Path": "weapon", "AddToDB": true }]
}