{
  "Description": {
    "Cost": 9360000,
    "Rarity": 3,
    "Purchasable": true,
    "Manufacturer": "",
    "Model": "",
    "UIName": "Marauder II",
    "Id": "chassisdef_marauderII_MAD-5A",
    "Name": "Marauder II",
    "Details": "Retaining its progenitor's Vlar 300 rated engine, with the MAD-5A built around an Extra Light model to save more weight for weapons. Retaining only the two Magna Mk II Medium Lasers, the 5A variant of the Marauder II carries as its primary weapons a pair of Magna Firestar ER PPCs in its arms which give it a powerful long range punch compared to the 4A. The ER PPCs are backed up by a right torso mounted Mydron Excel LB-X Autocannon/10. Curiously the 5A is built with CASE only in its right torso, yet its three ton LB-X Autocannon ammunition bay sits in the left torso, leading some observers to suggest another projectile weapon field kit variant was being contemplated.",
    "Icon": "uixTxrIcon_marauderii"
  },
  "MovementCapDefID": "movedef_marauderII_MAD-4A",
  "PathingCapDefID": "pathingdef_assault",
  "HardpointDataDefID": "hardpointdatadef_marauderii",
  "PrefabIdentifier": "chrprfmech_marauderiibase-001",
  "PrefabBase": "marauderii",
  "Tonnage": 100,
  "InitialTonnage": 26,
  "weightClass": "ASSAULT",
  "BattleValue": 10206000,
  "Heatsinks": 0,
  "TopSpeed": 50,
  "TurnRadius": 90,
  "MaxJumpjets": 3,
  "Stability": 200,
  "StabilityDefenses": [
    0,
    0,
    0,
    0,
    0,
    0
  ],
  "SpotterDistanceMultiplier": 1,
  "VisibilityMultiplier": 1,
  "SensorRangeMultiplier": 1,
  "Signature": 0,
  "Radius": 8,
  "PunchesWithLeftArm": false,
  "MeleeDamage": 125,
  "MeleeInstability": 100,
  "MeleeToHitModifier": 0,
  "DFADamage": 125,
  "DFAToHitModifier": 0,
  "DFASelfDamage": 100,
  "DFAInstability": 125,
  "Locations": [
    {
      "Location": "Head",
      "Hardpoints": [],
      "Tonnage": 0,
      "InventorySlots": 1,
      "MaxArmor": 45,
      "MaxRearArmor": -1,
      "InternalStructure": 16
    },
    {
      "Location": "LeftArm",
      "Hardpoints": [
        {
          "WeaponMount": "Energy",
          "Omni": false
        },
        {
          "WeaponMount": "Energy",
          "Omni": false
        },
        {
          "WeaponMount": "AntiPersonnel",
          "Omni": false
        }
      ],
      "Tonnage": 0,
      "InventorySlots": 8,
      "MaxArmor": 170,
      "MaxRearArmor": -1,
      "InternalStructure": 85
    },
    {
      "Location": "LeftTorso",
      "Hardpoints": [],
      "Tonnage": 0,
      "InventorySlots": 10,
      "MaxArmor": 210,
      "MaxRearArmor": 105,
      "InternalStructure": 105
    },
    {
      "Location": "CenterTorso",
      "Hardpoints": [],
      "Tonnage": 0,
      "InventorySlots": 4,
      "MaxArmor": 310,
      "MaxRearArmor": 155,
      "InternalStructure": 155
    },
    {
      "Location": "RightTorso",
      "Hardpoints": [
        {
          "WeaponMount": "Ballistic",
          "Omni": false
        },
        {
          "WeaponMount": "AntiPersonnel",
          "Omni": false
        }
      ],
      "Tonnage": 0,
      "InventorySlots": 10,
      "MaxArmor": 210,
      "MaxRearArmor": 105,
      "InternalStructure": 105
    },
    {
      "Location": "RightArm",
      "Hardpoints": [
        {
          "WeaponMount": "Energy",
          "Omni": false
        },
        {
          "WeaponMount": "Energy",
          "Omni": false
        },
        {
          "WeaponMount": "AntiPersonnel",
          "Omni": false
        }
      ],
      "Tonnage": 0,
      "InventorySlots": 8,
      "MaxArmor": 170,
      "MaxRearArmor": -1,
      "InternalStructure": 85
    },
    {
      "Location": "LeftLeg",
      "Hardpoints": [],
      "Tonnage": 0,
      "InventorySlots": 4,
      "MaxArmor": 210,
      "MaxRearArmor": -1,
      "InternalStructure": 105
    },
    {
      "Location": "RightLeg",
      "Hardpoints": [],
      "Tonnage": 0,
      "InventorySlots": 4,
      "MaxArmor": 210,
      "MaxRearArmor": -1,
      "InternalStructure": 105
    }
  ],
  "LOSSourcePositions": [
    {
      "x": 0,
      "y": 18,
      "z": 1
    },
    {
      "x": 4,
      "y": 16,
      "z": 0
    },
    {
      "x": -4,
      "y": 16,
      "z": 0
    }
  ],
  "LOSTargetPositions": [
    {
      "x": 0,
      "y": 18,
      "z": 1
    },
    {
      "x": 4,
      "y": 16,
      "z": 0
    },
    {
      "x": -4,
      "y": 16,
      "z": 0
    },
    {
      "x": 3,
      "y": 6,
      "z": 0
    },
    {
      "x": -3,
      "y": 6,
      "z": 0
    }
  ],
  "VariantName": "MAD-5A",
  "ChassisTags": {
    "items": [
      "mech_case_right",
      "mech_quirk_commandmech",
      "mech_quirk_hyperextendingactuators",
      "mech_quirk_narrowlowprofile"
    ],
    "tagSetSourceFile": ""
  },
  "StockRole": "Sniper & Ranged Assault",
  "YangsThoughts": "This is an upgrade of the regular Marauder II using rediscovered technologies from Helm Memory Core. The Large Laser was replaced with an LB-X class 10 autocannon with three tons of ammunition, and the PPCs were upgraded to extended range models. Nice 'Mech, but you should remember in combat that the XL engine is quite fragile."
    "FixedEquipment" : [
        {
            "MountedLocation" : "LeftTorso",
            "ComponentDefID" : "Gear_XL_Engine",
            "SimGameUID" : "",
            "ComponentDefType" : "Upgrade",
            "HardpointSlot" : -1,
            "IsFixed" : true,
            "GUID" : null,
            "DamageLevel" : "Functional",
            "prefabName" : null,
            "hasPrefabName" : false
        },
        {
            "MountedLocation" : "RightTorso",
            "ComponentDefID" : "Gear_XL_Engine",
            "SimGameUID" : "",
            "ComponentDefType" : "Upgrade",
            "HardpointSlot" : -1,
            "IsFixed" : true,
            "GUID" : null,
            "DamageLevel" : "Functional",
            "prefabName" : null,
            "hasPrefabName" : false
        }
    ]
}