{
  "Description": {
    "Cost": 9680000,
    "Rarity": 4,
    "Purchasable": true,
    "Manufacturer": "",
    "Model": "",
    "UIName": "Crusader",
    "Id": "chassisdef_crusader_CRD-1R",
    "Name": "Crusader",
    "Details": "Introduced in 2596, this is original Crusader variant. It has double heat sinks and utilized an Endo Steel internal structure, which allows to save mass and mount the Artemis IV Fire Control Systems to the LRM and SRM launchers. All of the ammunition is placed at the side torsos and protected by CASE.",
    "Icon": "uixTxrIcon_crusader"
  },
  "MovementCapDefID": "movedef_crusader_CRD-3R",
  "PathingCapDefID": "pathingdef_heavy",
  "HardpointDataDefID": "hardpointdatadef_crusader",
  "PrefabIdentifier": "chrprfmech_crusaderhotd-001",
  "PrefabBase": "crusader",
  "Tonnage": 65,
  "InitialTonnage": 24,
  "weightClass": "HEAVY",
  "Heatsinks": 10,
  "TopSpeed": 120,
  "TurnRadius": 90,
  "MaxJumpjets": 0,
  "Stability": 160,
  "StabilityDefenses": [
    0,
    0,
    0,
    0,
    0,
    0
  ],
  "SpotterDistanceMultiplier": 1,
  "VisibilityMultiplier": 1,
  "SensorRangeMultiplier": 1,
  "Signature": 0,
  "Radius": 8,
  "PunchesWithLeftArm": true,
  "MeleeDamage": 90,
  "MeleeInstability": 65,
  "MeleeToHitModifier": 0,
  "DFADamage": 80,
  "DFAToHitModifier": 0,
  "DFASelfDamage": 80,
  "DFAInstability": 80,
  "Locations": [
    {
      "Location": "Head",
      "Hardpoints": [],
      "Tonnage": 0,
      "InventorySlots": 1,
      "MaxArmor": 45,
      "MaxRearArmor": -1,
      "InternalStructure": 16
    },
    {
      "Location": "LeftArm",
      "Hardpoints": [
        {
          "WeaponMount": "Missile",
          "Omni": false
        },
        {
          "WeaponMount": "Energy",
          "Omni": false
        },
        {
          "WeaponMount": "AntiPersonnel",
          "Omni": false
        }
      ],
      "Tonnage": 0,
      "InventorySlots": 8,
      "MaxArmor": 100,
      "MaxRearArmor": -1,
      "InternalStructure": 50
    },
    {
      "Location": "LeftTorso",
      "Hardpoints": [],
      "Tonnage": 0,
      "InventorySlots": 10,
      "MaxArmor": 150,
      "MaxRearArmor": 75,
      "InternalStructure": 75
    },
    {
      "Location": "CenterTorso",
      "Hardpoints": [],
      "Tonnage": 0,
      "InventorySlots": 4,
      "MaxArmor": 210,
      "MaxRearArmor": 105,
      "InternalStructure": 105
    },
    {
      "Location": "RightTorso",
      "Hardpoints": [],
      "Tonnage": 0,
      "InventorySlots": 10,
      "MaxArmor": 150,
      "MaxRearArmor": 75,
      "InternalStructure": 75
    },
    {
      "Location": "RightArm",
      "Hardpoints": [
        {
          "WeaponMount": "Missile",
          "Omni": false
        },
        {
          "WeaponMount": "Energy",
          "Omni": false
        },
        {
          "WeaponMount": "AntiPersonnel",
          "Omni": false
        }
      ],
      "Tonnage": 0,
      "InventorySlots": 8,
      "MaxArmor": 100,
      "MaxRearArmor": -1,
      "InternalStructure": 50
    },
    {
      "Location": "LeftLeg",
      "Hardpoints": [
        {
          "WeaponMount": "Missile",
          "Omni": false
        },
        {
          "WeaponMount": "Missile",
          "Omni": false
        }
      ],
      "Tonnage": 0,
      "InventorySlots": 4,
      "MaxArmor": 150,
      "MaxRearArmor": -1,
      "InternalStructure": 75
    },
    {
      "Location": "RightLeg",
      "Hardpoints": [
        {
          "WeaponMount": "Missile",
          "Omni": false
        },
        {
          "WeaponMount": "Missile",
          "Omni": false
        }
      ],
      "Tonnage": 0,
      "InventorySlots": 4,
      "MaxArmor": 150,
      "MaxRearArmor": -1,
      "InternalStructure": 75
    }
  ],
  "LOSSourcePositions": [
    {
      "x": 0,
      "y": 14,
      "z": 1
    },
    {
      "x": 4,
      "y": 13,
      "z": 0
    },
    {
      "x": -4,
      "y": 13,
      "z": 0
    }
  ],
  "LOSTargetPositions": [
    {
      "x": 0,
      "y": 14,
      "z": 1
    },
    {
      "x": 4,
      "y": 13,
      "z": 0
    },
    {
      "x": -4,
      "y": 13,
      "z": 0
    },
    {
      "x": 2,
      "y": 5,
      "z": 0
    },
    {
      "x": -2,
      "y": 5,
      "z": 0
    }
  ],
  "VariantName": "CRD-1R",
  "ChassisTags": {
    "items": [
      "mr-resize-0.95-0.95-0.95",
      "chassis_DHS",
      "chassis_endo",
      "mech_case_left",
      "mech_case_right",
      "mech_quirk_easytomaintain",
      "mech_quirk_rugged1",
      "mech_quirk_stabilized_Legs"
    ],
    "tagSetSourceFile": ""
  },
  "StockRole": "Fire Support",
  "YangsThoughts": "The Crusader is about as iconic as a Warhammer in the Heavy class of 'Mechs. What's more, this Crusader is an incredibly rare variant of the 1R, the very first to go into mass production of any Crusader chassis, there are very few such 'Mechs left. I barely heard of it, but the machine is really impressive: Endo Steel chassis, double heat sinks, CASE protection and Artemis IV fire control systems for all four launchers. We are very lucky that we were able to get hold of it.",
  "FixedEquipment": [
    {
      "MountedLocation": "LeftTorso",
      "ComponentDefID": "Gear_EndoSteel_4_Slot",
      "SimGameUID": "",
      "ComponentDefType": "Upgrade",
      "HardpointSlot": -1,
      "IsFixed": true,
      "GUID": null,
      "DamageLevel": "Functional",
      "prefabName": null,
      "hasPrefabName": false
    },
    {
      "MountedLocation": "CenterTorso",
      "ComponentDefID": "Gear_EndoSteel_1_Slot",
      "SimGameUID": "",
      "ComponentDefType": "Upgrade",
      "HardpointSlot": -1,
      "IsFixed": true,
      "GUID": null,
      "DamageLevel": "Functional",
      "prefabName": null,
      "hasPrefabName": false
    },
    {
      "MountedLocation": "RightTorso",
      "ComponentDefID": "Gear_EndoSteel_4_Slot",
      "SimGameUID": "",
      "ComponentDefType": "Upgrade",
      "HardpointSlot": -1,
      "IsFixed": true,
      "GUID": null,
      "DamageLevel": "Functional",
      "prefabName": null,
      "hasPrefabName": false
    },
    {
      "MountedLocation": "LeftLeg",
      "ComponentDefID": "Gear_EndoSteel_2_Slot",
      "SimGameUID": "",
      "ComponentDefType": "Upgrade",
      "HardpointSlot": -1,
      "IsFixed": true,
      "GUID": null,
      "DamageLevel": "Functional",
      "prefabName": null,
      "hasPrefabName": false
    },
    {
      "MountedLocation": "RightLeg",
      "ComponentDefID": "Gear_EndoSteel_2_Slot",
      "SimGameUID": "",
      "ComponentDefType": "Upgrade",
      "HardpointSlot": -1,
      "IsFixed": true,
      "GUID": null,
      "DamageLevel": "Functional",
      "prefabName": null,
      "hasPrefabName": false
    }
  ]
}