{
  "Description": {
    "Cost": 8720000,
    "Rarity": 4,
    "Purchasable": true,
    "Manufacturer": "",
    "Model": "",
    "UIName": "Wolverine II",
    "Id": "chassisdef_wolverine_WVR-7H",
    "Name": "Wolverine II",
    "Details": "The WVR-7H — referred to as the Wolverine II — was used by the Royal Brigades of the SLDF starting in 2770 and was an upgrade of the 6R. It utilizes an Endo Steel structure, Ferro-Fibrous armor, and double heat sinks to increase combat capabilities. Extra armor protects the legs, while CASE protects all the ammo bins. The autocannon is upgraded to an Ultra-class model and the medium laser is upgraded to a pulse version. In addition, the SRM-6 is slaved to an Artemis IV Fire Control System to improve the accuracy of the individual missiles.",
    "Icon": "uixTxrIcon_wolverine"
  },
  "MovementCapDefID": "movedef_wolverine_WVR-6R",
  "PathingCapDefID": "pathingdef_medium",
  "HardpointDataDefID": "hardpointdatadef_wolverine",
  "PrefabIdentifier": "chrPrfMech_wolverineBase-001",
  "PrefabBase": "wolverine",
  "Tonnage": 55,
  "InitialTonnage": 25.5,
  "weightClass": "MEDIUM",
  "BattleValue": 5897000,
  "Heatsinks": 10,
  "TopSpeed": 150,
  "TurnRadius": 90,
  "MaxJumpjets": 5,
  "Stability": 130,
  "StabilityDefenses": [
    0,
    0,
    0,
    0,
    0,
    0
  ],
  "SpotterDistanceMultiplier": 1,
  "VisibilityMultiplier": 1,
  "SensorRangeMultiplier": 1,
  "Signature": 0,
  "Radius": 5,
  "PunchesWithLeftArm": false,
  "MeleeDamage": 70,
  "MeleeInstability": 55,
  "MeleeToHitModifier": 0,
  "DFADamage": 70,
  "DFAToHitModifier": 0,
  "DFASelfDamage": 70,
  "DFAInstability": 70,
  "Locations": [
    {
      "Location": "Head",
      "Hardpoints": [
        {
          "WeaponMount": "Energy",
          "Omni": false
        },
        {
          "WeaponMount": "AntiPersonnel",
          "Omni": false
        }
      ],
      "Tonnage": 0,
      "InventorySlots": 1,
      "MaxArmor": 45,
      "MaxRearArmor": -1,
      "InternalStructure": 16
    },
    {
      "Location": "LeftArm",
      "Hardpoints": [],
      "Tonnage": 0,
      "InventorySlots": 8,
      "MaxArmor": 90,
      "MaxRearArmor": -1,
      "InternalStructure": 45
    },
    {
      "Location": "LeftTorso",
      "Hardpoints": [
        {
          "WeaponMount": "Missile",
          "Omni": false
        },
        {
          "WeaponMount": "Missile",
          "Omni": false
        },
        {
          "WeaponMount": "Missile",
          "Omni": false
        }
      ],
      "Tonnage": 0,
      "InventorySlots": 10,
      "MaxArmor": 130,
      "MaxRearArmor": 65,
      "InternalStructure": 65
    },
    {
      "Location": "CenterTorso",
      "Hardpoints": [],
      "Tonnage": 0,
      "InventorySlots": 4,
      "MaxArmor": 180,
      "MaxRearArmor": 90,
      "InternalStructure": 90
    },
    {
      "Location": "RightTorso",
      "Hardpoints": [],
      "Tonnage": 0,
      "InventorySlots": 10,
      "MaxArmor": 130,
      "MaxRearArmor": 65,
      "InternalStructure": 65
    },
    {
      "Location": "RightArm",
      "Hardpoints": [
        {
          "WeaponMount": "Ballistic",
          "Omni": false
        },
        {
          "WeaponMount": "Ballistic",
          "Omni": false
        }
      ],
      "Tonnage": 0,
      "InventorySlots": 8,
      "MaxArmor": 90,
      "MaxRearArmor": -1,
      "InternalStructure": 45
    },
    {
      "Location": "LeftLeg",
      "Hardpoints": [],
      "Tonnage": 0,
      "InventorySlots": 4,
      "MaxArmor": 130,
      "MaxRearArmor": -1,
      "InternalStructure": 65
    },
    {
      "Location": "RightLeg",
      "Hardpoints": [],
      "Tonnage": 0,
      "InventorySlots": 4,
      "MaxArmor": 130,
      "MaxRearArmor": -1,
      "InternalStructure": 65
    }
  ],
  "LOSSourcePositions": [
    {
      "x": 0,
      "y": 14,
      "z": 0
    },
    {
      "x": 3.5,
      "y": 13,
      "z": 0
    },
    {
      "x": -3.5,
      "y": 13,
      "z": 0
    }
  ],
  "LOSTargetPositions": [
    {
      "x": 0,
      "y": 14,
      "z": 0
    },
    {
      "x": 3.5,
      "y": 13,
      "z": 0
    },
    {
      "x": -3.5,
      "y": 13,
      "z": 0
    },
    {
      "x": 2.5,
      "y": 5,
      "z": 0
    },
    {
      "x": -2.5,
      "y": 5,
      "z": 0
    }
  ],
  "VariantName": "WVR-7H",
  "ChassisTags": {
    "items": [
      "chassis_DHS",
      "chassis_endo",
      "chassis_ferro",
      "mech_case_left",
      "mech_case_right",
      "mech_quirk_commandmech",
      "mech_quirk_crampedcockpit",
      "mech_quirk_extendedtorsotwist",
      "mech_quirk_improvedcomm",
      "mech_quirk_protectedactuators"
    ],
    "tagSetSourceFile": ""
  },
  "StockRole": "Skirmisher & Cavalry",
  "YangsThoughts": "The old good Wolverine was so redesigned that it was named Wolverine II in the SLDF. It carries the same weapons, but has been upgraded with advanced Star League technology to make this 'Mech even deadlier."
  "FixedEquipment": [
    {
      "MountedLocation" : "LeftArm",
      "ComponentDefID" : "Gear_EndoFerroCombo_8_Slot",
      "SimGameUID" : "",
      "ComponentDefType" : "Upgrade",
      "HardpointSlot" : -1,
      "IsFixed" : true,
      "GUID" : null,
      "DamageLevel" : "Functional",
      "prefabName" : null,
      "hasPrefabName" : false
    },
    {
      "MountedLocation" : "LeftTorso",
      "ComponentDefID" : "Gear_EndoFerroCombo_6_Slot",
      "SimGameUID" : "",
      "ComponentDefType" : "Upgrade",
      "HardpointSlot" : -1,
      "IsFixed" : true,
      "GUID" : null,
      "DamageLevel" : "Functional",
      "prefabName" : null,
      "hasPrefabName" : false
    },
    {
      "MountedLocation" : "CenterTorso",
      "ComponentDefID" : "Gear_EndoFerroCombo_1_Slot",
      "SimGameUID" : "",
      "ComponentDefType" : "Upgrade",
      "HardpointSlot" : -1,
      "IsFixed" : true,
      "GUID" : null,
      "DamageLevel" : "Functional",
      "prefabName" : null,
      "hasPrefabName" : false
    },
    {
      "MountedLocation" : "RightTorso",
      "ComponentDefID" : "Gear_EndoFerroCombo_6_Slot",
      "SimGameUID" : "",
      "ComponentDefType" : "Upgrade",
      "HardpointSlot" : -1,
      "IsFixed" : true,
      "GUID" : null,
      "DamageLevel" : "Functional",
      "prefabName" : null,
      "hasPrefabName" : false
    },
    {
      "MountedLocation" : "RightArm",
      "ComponentDefID" : "Gear_EndoFerroCombo_4_Slot",
      "SimGameUID" : "",
      "ComponentDefType" : "Upgrade",
      "HardpointSlot" : -1,
      "IsFixed" : true,
      "GUID" : null,
      "DamageLevel" : "Functional",
      "prefabName" : null,
      "hasPrefabName" : false
    }
  ]
}