{
  "Description": {
    "Cost": 6120000,
    "Rarity": 4,
    "Purchasable": true,
    "Manufacturer": "",
    "Model": "",
    "UIName": "Hammerhands",
    "Id": "chassisdef_hammerhands_HMH-3D",
    "Name": "Hammerhands",
    "Details": "The second exclusive Federated Suns BattleMech, the Hammerhands was developed in 2475 after a decade reviewing the performance and complaints received about the earlier BattleAxe. Little more than a heavier and slower version of the BattleAxe, the design received its name based on the impressive weapons carried in each arm, serving to trigger the Federated Suns' seeming love affair with autocannons. Much like its sibling design, the Hammerhands went on to influence and be outdone by the immensely popular Warhammer, causing it to fade into history, all but forgotten.",
    "Icon": "uixTxrIcon_battleaxe"
  },
  "MovementCapDefID": "movedef_atlas_AS7-D",
  "PathingCapDefID": "pathingdef_heavy",
  "HardpointDataDefID": "hardpointdatadef_battleaxe",
  "PrefabIdentifier": "chrprfmech_battleaxebase-001",
  "PrefabBase": "battleaxe",
  "Tonnage": 75,
  "InitialTonnage": 24.5,
  "weightClass": "HEAVY",
  "Heatsinks": 0,
  "MaxJumpjets": 3,
  "Stability": 160,
  "StabilityDefenses": [
    0,
    0,
    0,
    0,
    0,
    0
  ],
  "SpotterDistanceMultiplier": 1,
  "VisibilityMultiplier": 1,
  "SensorRangeMultiplier": 1,
  "Signature": 0,
  "Radius": 8,
  "PunchesWithLeftArm": false,
  "MeleeDamage": 75,
  "MeleeInstability": 85,
  "MeleeToHitModifier": 0,
  "DFADamage": 95,
  "DFAToHitModifier": 0,
  "DFASelfDamage": 95,
  "DFAInstability": 95,
  "Locations": [
    {
      "Location": "Head",
      "Hardpoints": [],
      "Tonnage": 0,
      "InventorySlots": 1,
      "MaxArmor": 45,
      "MaxRearArmor": -1,
      "InternalStructure": 16
    },
    {
      "Location": "LeftArm",
      "Hardpoints": [
        {
          "WeaponMount": "Ballistic",
          "Omni": false
        },
        {
          "WeaponMount": "Energy",
          "Omni": false
        }
      ],
      "Tonnage": 0,
      "InventorySlots": 8,
      "MaxArmor": 120,
      "MaxRearArmor": -1,
      "InternalStructure": 60
    },
    {
      "Location": "LeftTorso",
      "Hardpoints": [],
      "Tonnage": 0,
      "InventorySlots": 10,
      "MaxArmor": 160,
      "MaxRearArmor": 80,
      "InternalStructure": 80
    },
    {
      "Location": "CenterTorso",
      "Hardpoints": [],
      "Tonnage": 0,
      "InventorySlots": 4,
      "MaxArmor": 230,
      "MaxRearArmor": 115,
      "InternalStructure": 115
    },
    {
      "Location": "RightTorso",
      "Hardpoints": [
        {
          "WeaponMount": "Missile",
          "Omni": false
        },
        {
          "WeaponMount": "Missile",
          "Omni": false
        },
        {
          "WeaponMount": "AntiPersonnel",
          "Omni": false
        }
      ],
      "Tonnage": 0,
      "InventorySlots": 10,
      "MaxArmor": 160,
      "MaxRearArmor": 80,
      "InternalStructure": 80
    },
    {
      "Location": "RightArm",
      "Hardpoints": [
        {
          "WeaponMount": "Ballistic",
          "Omni": false
        },
        {
          "WeaponMount": "Energy",
          "Omni": false
        }
      ],
      "Tonnage": 0,
      "InventorySlots": 8,
      "MaxArmor": 120,
      "MaxRearArmor": -1,
      "InternalStructure": 60
    },
    {
      "Location": "LeftLeg",
      "Hardpoints": [],
      "Tonnage": 0,
      "InventorySlots": 4,
      "MaxArmor": 160,
      "MaxRearArmor": -1,
      "InternalStructure": 80
    },
    {
      "Location": "RightLeg",
      "Hardpoints": [],
      "Tonnage": 0,
      "InventorySlots": 4,
      "MaxArmor": 160,
      "MaxRearArmor": -1,
      "InternalStructure": 80
    }
  ],
  "LOSSourcePositions": [
    {
      "x": 0,
      "y": 15,
      "z": 1
    },
    {
      "x": 4,
      "y": 14,
      "z": 0
    },
    {
      "x": -4,
      "y": 14,
      "z": 0
    }
  ],
  "LOSTargetPositions": [
    {
      "x": 0,
      "y": 15,
      "z": 1
    },
    {
      "x": 4,
      "y": 14,
      "z": 0
    },
    {
      "x": -4,
      "y": 14,
      "z": 0
    },
    {
      "x": 2.5,
      "y": 5,
      "z": 1
    },
    {
      "x": -2.5,
      "y": 5,
      "z": 1
    }
  ],
  "VariantName": "HMH-3D",
  "ChassisTags": {
    "items": [
      "mech_quirk_barrelfist",
      "mech_quirk_protectedactuators"
    ],
    "tagSetSourceFile": ""
  },
  "StockRole": "Juggernaut",
  "YangsThoughts": "A very solid 'Mech for its class and the second of the Warhammer ancestors, developed as a replacement for the initially not very successful BattleAxe. Hammerhands got its name for its main armament: two Mydron Model B AC/10 autocannons, one for each arm. Additional armament is represented by two ChisComp 38 Medium Lasers paired with cannons, as well as a Harpoon-6 SRM-6 launcher on the right shoulder. The 'Mech carries three jump jets and eleven and a half tons of armor. Its main drawback is its top speed of 54 km/h.",
  "FixedEquipment": []
}