{
  "Description": {
    "Cost": 9755000,
    "Rarity": 5,
    "Purchasable": true,
    "Manufacturer": "",
    "Model": "",
    "UIName": "Annihilator",
    "Id": "chassisdef_annihilator_ANH-1X",
    "Name": "Annihilator",
    "Details": "The original Annihilator model created in 2779 was equipped with a head-mounted Small Laser, four LB 10-X AC, a pair of Small Pulse Lasers, and four Medium Lasers. It carried six tons of LB 10-X ammunition, and the torsos were protected with CASE. Ten double heat sinks kept heat manageable.",
    "Icon": "uixTxrIcon_annihilator"
  },
  "MovementCapDefID": "movedef_annihilator_ANH-1A",
  "PathingCapDefID": "pathingdef_assault",
  "HardpointDataDefID": "hardpointdatadef_annihilator",
  "PrefabIdentifier": "chrPrfMech_annihilatorBase-001",
  "PrefabBase": "annihilator",
  "Tonnage": 100,
  "InitialTonnage": 24.5,
  "weightClass": "ASSAULT",
  "Heatsinks": 10,
  "MaxJumpjets": 0,
  "Stability": 200,
  "StabilityDefenses": [
    0,
    0,
    0,
    0,
    0,
    0
  ],
  "SpotterDistanceMultiplier": 1,
  "VisibilityMultiplier": 1,
  "SensorRangeMultiplier": 1,
  "Signature": 0,
  "Radius": 8,
  "PunchesWithLeftArm": false,
  "MeleeDamage": 95,
  "MeleeInstability": 100,
  "MeleeToHitModifier": 0,
  "DFADamage": 125,
  "DFAToHitModifier": 0,
  "DFASelfDamage": 125,
  "DFAInstability": 125,
  "Locations": [
    {
      "Location": "Head",
      "Hardpoints": [
        {
          "WeaponMount": "AntiPersonnel",
          "Omni": false
        }
      ],
      "Tonnage": 0,
      "InventorySlots": 1,
      "MaxArmor": 45,
      "MaxRearArmor": -1,
      "InternalStructure": 16
    },
    {
      "Location": "LeftArm",
      "Hardpoints": [
        {
          "WeaponMount": "Ballistic",
          "Omni": false
        },
        {
          "WeaponMount": "Energy",
          "Omni": false
        },
        {
          "WeaponMount": "AntiPersonnel",
          "Omni": false
        }
      ],
      "Tonnage": 0,
      "InventorySlots": 8,
      "MaxArmor": 170,
      "MaxRearArmor": -1,
      "InternalStructure": 85
    },
    {
      "Location": "LeftTorso",
      "Hardpoints": [
        {
          "WeaponMount": "Ballistic",
          "Omni": false
        },
        {
          "WeaponMount": "AntiPersonnel",
          "Omni": false
        }
      ],
      "Tonnage": 0,
      "InventorySlots": 10,
      "MaxArmor": 210,
      "MaxRearArmor": 105,
      "InternalStructure": 105
    },
    {
      "Location": "CenterTorso",
      "Hardpoints": [
        {
          "WeaponMount": "Energy",
          "Omni": false
        },
        {
          "WeaponMount": "Energy",
          "Omni": false
        }
      ],
      "Tonnage": 0,
      "InventorySlots": 4,
      "MaxArmor": 310,
      "MaxRearArmor": 155,
      "InternalStructure": 155
    },
    {
      "Location": "RightTorso",
      "Hardpoints": [
        {
          "WeaponMount": "Ballistic",
          "Omni": false
        },
        {
          "WeaponMount": "AntiPersonnel",
          "Omni": false
        }
      ],
      "Tonnage": 0,
      "InventorySlots": 10,
      "MaxArmor": 210,
      "MaxRearArmor": 105,
      "InternalStructure": 105
    },
    {
      "Location": "RightArm",
      "Hardpoints": [
        {
          "WeaponMount": "Ballistic",
          "Omni": false
        },
        {
          "WeaponMount": "Energy",
          "Omni": false
        },
        {
          "WeaponMount": "AntiPersonnel",
          "Omni": false
        }
      ],
      "Tonnage": 0,
      "InventorySlots": 8,
      "MaxArmor": 170,
      "MaxRearArmor": -1,
      "InternalStructure": 85
    },
    {
      "Location": "LeftLeg",
      "Hardpoints": [],
      "Tonnage": 0,
      "InventorySlots": 4,
      "MaxArmor": 210,
      "MaxRearArmor": -1,
      "InternalStructure": 105
    },
    {
      "Location": "RightLeg",
      "Hardpoints": [],
      "Tonnage": 0,
      "InventorySlots": 4,
      "MaxArmor": 210,
      "MaxRearArmor": -1,
      "InternalStructure": 105
    }
  ],
  "LOSSourcePositions": [
    {
      "x": 0,
      "y": 19,
      "z": 0
    },
    {
      "x": 4.5,
      "y": 16,
      "z": -0.5
    },
    {
      "x": -4.5,
      "y": 16,
      "z": -0.5
    }
  ],
  "LOSTargetPositions": [
    {
      "x": 0,
      "y": 19,
      "z": 0
    },
    {
      "x": 4.5,
      "y": 16,
      "z": -0.5
    },
    {
      "x": -4.5,
      "y": 16,
      "z": -0.5
    },
    {
      "x": 3,
      "y": 5.5,
      "z": 1
    },
    {
      "x": -3,
      "y": 5.5,
      "z": 1
    }
  ],
  "VariantName": "ANH-1X",
  "ChassisTags": {
    "items": [
      "chassis_DHS",
      "mech_case_left",
      "mech_case_right",
      "mech_quirk_easytomaintain"
    ],
    "tagSetSourceFile": ""
  },
  "YangsThoughts": "I have no idea where you got this, boss, but you should know that not a single prototype of the original ANH-1X has ever been officially built in the entire Inner Sphere. A powerful machine with excellent weapons, but very slow and prone to overheating when firing intensively with energy weapons.",
  "StockRole": "Juggernaut",
  "FixedEquipment": []
}