{
  "Description": {
    "Cost": 3400000,
    "Rarity": 5,
    "Purchasable": true,
    "Manufacturer": "",
    "Model": "",
    "UIName": "Spector",
    "Id": "chassisdef_spector_SPR-4F",
    "Name": "Spector",
    "Details": "The Spector was originally designed by Norse-Storm BattleMechs to be a lighter version of the Exterminator BattleMech, made to hunt down light command 'Mechs. The first Spector rolled off the assembly line on 6 June, 2639, and following extensive testing the SLDF ordered 600. The Star League's enthusiasm for the Spector is due to the BattleMechs stealth capabilities, combining both Chameleon Light Polarization Shield and a Null Signature System. This first order for the SPR-4F was delivered in April 2640. All Spectors, and all reports on them, were believed lost with the fall of the Star League.",
    "Icon": "uixTxrIcon_goshawk"
  },
  "MovementCapDefID": "movedef_jenner_JR7-D",
  "PathingCapDefID": "pathingdef_heavy",
  "HardpointDataDefID": "hardpointdatadef_vaporeagle",
  "PrefabIdentifier": "chrPrfMech_vaporeagleBase-001",
  "PrefabBase": "vaporeagle",
  "Tonnage": 35,
  "InitialTonnage": 15.5,
  "weightClass": "LIGHT",
  "BattleValue": 3749000,
  "Heatsinks": 10,
  "TopSpeed": 85,
  "TurnRadius": 90,
  "MaxJumpjets": 7,
  "Stability": 100,
  "StabilityDefenses": [
    0,
    0,
    0,
    0,
    0,
    0
  ],
  "SpotterDistanceMultiplier": 1,
  "VisibilityMultiplier": 1,
  "SensorRangeMultiplier": 1,
  "Signature": 0,
  "Radius": 4,
  "PunchesWithLeftArm": true,
  "MeleeDamage": 50,
  "MeleeInstability": 35,
  "MeleeToHitModifier": 0,
  "DFADamage": 35,
  "DFAToHitModifier": 0,
  "DFASelfDamage": 35,
  "DFAInstability": 35,
  "Locations": [
    {
      "Location": "Head",
      "Hardpoints": [
        {
          "WeaponMount": "AntiPersonnel",
          "Omni": false
        }
      ],
      "Tonnage": 0,
      "InventorySlots": 1,
      "MaxArmor": 45,
      "MaxRearArmor": -1,
      "InternalStructure": 16
    },
    {
      "Location": "LeftArm",
      "Hardpoints": [
        {
          "WeaponMount": "Energy",
          "Omni": false
        },
        {
          "WeaponMount": "Energy",
          "Omni": false
        },
        {
          "WeaponMount": "AntiPersonnel",
          "Omni": false
        }
      ],
      "Tonnage": 0,
      "InventorySlots": 8,
      "MaxArmor": 60,
      "MaxRearArmor": -1,
      "InternalStructure": 30
    },
    {
      "Location": "LeftTorso",
      "Hardpoints": [],
      "Tonnage": 0,
      "InventorySlots": 10,
      "MaxArmor": 80,
      "MaxRearArmor": 40,
      "InternalStructure": 40
    },
    {
      "Location": "CenterTorso",
      "Hardpoints": [
        {
          "WeaponMount": "Energy",
          "Omni": false
        }
      ],
      "Tonnage": 0,
      "InventorySlots": 4,
      "MaxArmor": 110,
      "MaxRearArmor": 55,
      "InternalStructure": 55
    },
    {
      "Location": "RightTorso",
      "Hardpoints": [],
      "Tonnage": 0,
      "InventorySlots": 10,
      "MaxArmor": 80,
      "MaxRearArmor": 40,
      "InternalStructure": 40
    },
    {
      "Location": "RightArm",
      "Hardpoints": [
        {
          "WeaponMount": "Energy",
          "Omni": false
        }
      ],
      "Tonnage": 0,
      "InventorySlots": 8,
      "MaxArmor": 60,
      "MaxRearArmor": -1,
      "InternalStructure": 30
    },
    {
      "Location": "LeftLeg",
      "Hardpoints": [],
      "Tonnage": 0,
      "InventorySlots": 4,
      "MaxArmor": 80,
      "MaxRearArmor": -1,
      "InternalStructure": 40
    },
    {
      "Location": "RightLeg",
      "Hardpoints": [],
      "Tonnage": 0,
      "InventorySlots": 4,
      "MaxArmor": 80,
      "MaxRearArmor": -1,
      "InternalStructure": 40
    }
  ],
  "LOSSourcePositions": [
    {
      "x": 0.0,
      "y": 15.0,
      "z": 15.0
    },
    {
      "x": 4.0,
      "y": 14.0,
      "z": 14.0
    },
    {
      "x": -4.0,
      "y": 14.0,
      "z": 14.0
    }
  ],
  "LOSTargetPositions": [
    {
      "x": 0.0,
      "y": 15.0,
      "z": 15.0
    },
    {
      "x": 4.0,
      "y": 14.0,
      "z": 14.0
    },
    {
      "x": -4.0,
      "y": 14.0,
      "z": 14.0
    },
    {
      "x": 2.5,
      "y": 6.0,
      "z": 6.0
    },
    {
      "x": -2.5,
      "y": 6.0,
      "z": 6.0
    }
  ],
  "VariantName": "SPR-4F",
  "ChassisTags": {
    "items": [
      "mr-resize-0.75-0.75-0.75",
      "chassis_DHS",
      "mech_quirk_difficulttomaintain",
      "mech_quirk_rugged1"
    ],
    "tagSetSourceFile": ""
  },
  "StockRole": "Hunter-Killer & Ambusher",
  "YangsThoughts": "An amazing 'Mech. The Spector was developed for the Royal SLDF Regiments as a light analogue of the Exterminator, but in addition to the Chameleon Light Polarization Shield and Null Signature System, it also carries the Guardian ECM, which makes it extremely stealthy. It's believed that with the fall of the Star League all the Spectors were lost, so I wouldn't be surprised if we are the only mercenary outfit in the entire Inner Sphere with such a 'Mech.",
  "FixedEquipment": [
    {
      "MountedLocation": "LeftTorso",
      "ComponentDefID": "Gear_XL_Engine",
      "SimGameUID": "",
      "ComponentDefType": "Upgrade",
      "HardpointSlot": -1,
      "IsFixed": true,
      "GUID": null,
      "DamageLevel": "Functional",
      "prefabName": null,
      "hasPrefabName": false
    },
    {
      "MountedLocation": "RightTorso",
      "ComponentDefID": "Gear_XL_Engine",
      "SimGameUID": "",
      "ComponentDefType": "Upgrade",
      "HardpointSlot": -1,
      "IsFixed": true,
      "GUID": null,
      "DamageLevel": "Functional",
      "prefabName": null,
      "hasPrefabName": false
    },
    {
      "MountedLocation": "LeftTorso",
      "ComponentDefID": "Gear_SensorCAC_Guardian",
      "SimGameUID": "",
      "ComponentDefType": "Upgrade",
      "HardpointSlot": -1,
      "IsFixed": true,
      "GUID": null,
      "DamageLevel": "Functional",
      "prefabName": null,
      "hasPrefabName": false
    },
    {
      "MountedLocation": "RightArm",
      "ComponentDefID": "Gear_SensorCAC_NullSig",
      "SimGameUID": "",
      "ComponentDefType": "Upgrade",
      "HardpointSlot": -1,
      "IsFixed": true,
      "GUID": null,
      "DamageLevel": "Functional",
      "prefabName": null,
      "hasPrefabName": false
    },
    {
      "MountedLocation": "LeftArm",
      "ComponentDefID": "Gear_SensorCAC_Chameleon",
      "SimGameUID": "",
      "ComponentDefType": "Upgrade",
      "HardpointSlot": -1,
      "IsFixed": true,
      "GUID": null,
      "DamageLevel": "Functional",
      "prefabName": null,
      "hasPrefabName": false
    }
  ]
}