{
  "Description": {
    "Cost": 6290000,
    "Rarity": 5,
    "Purchasable": true,
    "Manufacturer": "",
    "Model": "",
    "UIName": "BattleAxe",
    "Id": "chassisdef_battleaxe_BKX-7K",
    "Name": "BattleAxe",
    "Details": "The prototype of the BattleAxe originally appeared in 2459, and relied on the standard armament of the time: lasers and missiles. Over the next fifteen years, the speed was increased by a third and the mass of the cockpit and armor were reduced. In the late 2460s, unsure of the BattleAxe's maneuverability, the introduction of the WSP-1 Wasp inspired designers to mount experimental jump jets onto the upper legs, allowing it to vault over anything it could not run through. Unfortunately, MechWarriors had to go through training for the new jump jets and the landing process, as many died early on. The Federated Suns subsequently switched the Large Lasers in the arms for new Particle Projection Cannons. The BattleAxe only has nine tons of armor, which is comparatively light for a 'Mech of its size. Massive overheating problems, and the introduction of the Hammerhands, eventually ended the operational service of the BattleAxe.",
    "Icon": "uixTxrIcon_battleaxe"
  },
  "MovementCapDefID": "movedef_warhammer_WHM-6R",
  "PathingCapDefID": "pathingdef_heavy",
  "HardpointDataDefID": "hardpointdatadef_battleaxe",
  "PrefabIdentifier": "chrprfmech_battleaxebase-001",
  "PrefabBase": "battleaxe",
  "Tonnage": 70,
  "InitialTonnage": 29,
  "weightClass": "HEAVY",
  "Heatsinks": 0,
  "MaxJumpjets": 4,
  "Stability": 160,
  "StabilityDefenses": [
    0,
    0,
    0,
    0,
    0,
    0
  ],
  "SpotterDistanceMultiplier": 1,
  "VisibilityMultiplier": 1,
  "SensorRangeMultiplier": 1,
  "Signature": 0,
  "Radius": 8,
  "PunchesWithLeftArm": false,
  "MeleeDamage": 65,
  "MeleeInstability": 70,
  "MeleeToHitModifier": 0,
  "DFADamage": 90,
  "DFAToHitModifier": 0,
  "DFASelfDamage": 90,
  "DFAInstability": 90,
  "Locations": [
    {
      "Location": "Head",
      "Hardpoints": [],
      "Tonnage": 0,
      "InventorySlots": 1,
      "MaxArmor": 45,
      "MaxRearArmor": -1,
      "InternalStructure": 16
    },
    {
      "Location": "LeftArm",
      "Hardpoints": [
        {
          "WeaponMount": "Energy",
          "Omni": false
        }
      ],
      "Tonnage": 0,
      "InventorySlots": 8,
      "MaxArmor": 110,
      "MaxRearArmor": -1,
      "InternalStructure": 55
    },
    {
      "Location": "LeftTorso",
      "Hardpoints": [
        {
          "WeaponMount": "Missile",
          "Omni": false
        },
        {
          "WeaponMount": "AntiPersonnel",
          "Omni": false
        }
      ],
      "Tonnage": 0,
      "InventorySlots": 10,
      "MaxArmor": 150,
      "MaxRearArmor": 75,
      "InternalStructure": 75
    },
    {
      "Location": "CenterTorso",
      "Hardpoints": [],
      "Tonnage": 0,
      "InventorySlots": 4,
      "MaxArmor": 220,
      "MaxRearArmor": 110,
      "InternalStructure": 110
    },
    {
      "Location": "RightTorso",
      "Hardpoints": [
        {
          "WeaponMount": "Missile",
          "Omni": false
        },
        {
          "WeaponMount": "Missile",
          "Omni": false
        },
        {
          "WeaponMount": "AntiPersonnel",
          "Omni": false
        }
      ],
      "Tonnage": 0,
      "InventorySlots": 10,
      "MaxArmor": 150,
      "MaxRearArmor": 75,
      "InternalStructure": 75
    },
    {
      "Location": "RightArm",
      "Hardpoints": [
        {
          "WeaponMount": "Energy",
          "Omni": false
        }
      ],
      "Tonnage": 0,
      "InventorySlots": 8,
      "MaxArmor": 110,
      "MaxRearArmor": -1,
      "InternalStructure": 55
    },
    {
      "Location": "LeftLeg",
      "Hardpoints": [],
      "Tonnage": 0,
      "InventorySlots": 4,
      "MaxArmor": 150,
      "MaxRearArmor": -1,
      "InternalStructure": 75
    },
    {
      "Location": "RightLeg",
      "Hardpoints": [],
      "Tonnage": 0,
      "InventorySlots": 4,
      "MaxArmor": 150,
      "MaxRearArmor": -1,
      "InternalStructure": 75
    }
  ],
  "LOSSourcePositions": [
    {
      "x": 0,
      "y": 15,
      "z": 1
    },
    {
      "x": 4,
      "y": 14,
      "z": 0
    },
    {
      "x": -4,
      "y": 14,
      "z": 0
    }
  ],
  "LOSTargetPositions": [
    {
      "x": 0,
      "y": 15,
      "z": 1
    },
    {
      "x": 4,
      "y": 14,
      "z": 0
    },
    {
      "x": -4,
      "y": 14,
      "z": 0
    },
    {
      "x": 2.5,
      "y": 5,
      "z": 1
    },
    {
      "x": -2.5,
      "y": 5,
      "z": 1
    }
  ],
  "VariantName": "BKX-7K",
  "ChassisTags": {
    "items": [
      "mech_quirk_difficulttomaintain"
    ],
    "tagSetSourceFile": ""
  },
  "StockRole": "Sniper",
  "YangsThoughts": "Well well, very interesting. You should know that the last original chassis of this type are considered destroyed in the defense of Robinson even during the Second Succession War. Apparently, very few mechs managed to survive. I wouldn't dare to go into battle with a 70-ton 'Mech, protected only by nine tons of armor, but I must admit that BattleAxe, as one ot the the predecessors of the legendary Warhammer, is well-armed. It also has jump jets, so might not be bad as a sniper.",
  "FixedEquipment": []
}