{
  "Description": {
    "Cost": 6090000,
    "Rarity": 4,
    "Purchasable": true,
    "Manufacturer": "",
    "Model": "",
    "UIName": "Hammerhands",
    "Id": "chassisdef_hammerhands_HMH-4D",
    "Name": "Hammerhands",
    "Details": "A solution to both Davion MechWarriors early dislike of jump jets and desire for decreased reliance upon supply chains, the 4D strips out the jump jets and SRM-6 rack for a single PPC.",
    "Icon": "uixTxrIcon_battleaxe"
  },
  "MovementCapDefID": "movedef_atlas_AS7-D",
  "PathingCapDefID": "pathingdef_heavy",
  "HardpointDataDefID": "hardpointdatadef_battleaxe",
  "PrefabIdentifier": "chrprfmech_battleaxebase-001",
  "PrefabBase": "battleaxe",
  "Tonnage": 75,
  "InitialTonnage": 24.5,
  "weightClass": "HEAVY",
  "Heatsinks": 0,
  "MaxJumpjets": 0,
  "Stability": 160,
  "StabilityDefenses": [
    0,
    0,
    0,
    0,
    0,
    0
  ],
  "SpotterDistanceMultiplier": 1,
  "VisibilityMultiplier": 1,
  "SensorRangeMultiplier": 1,
  "Signature": 0,
  "Radius": 8,
  "PunchesWithLeftArm": false,
  "MeleeDamage": 75,
  "MeleeInstability": 85,
  "MeleeToHitModifier": 0,
  "DFADamage": 95,
  "DFAToHitModifier": 0,
  "DFASelfDamage": 95,
  "DFAInstability": 95,
  "Locations": [
    {
      "Location": "Head",
      "Hardpoints": [],
      "Tonnage": 0,
      "InventorySlots": 1,
      "MaxArmor": 45,
      "MaxRearArmor": -1,
      "InternalStructure": 16
    },
    {
      "Location": "LeftArm",
      "Hardpoints": [
        {
          "WeaponMount": "Ballistic",
          "Omni": false
        },
        {
          "WeaponMount": "Energy",
          "Omni": false
        }
      ],
      "Tonnage": 0,
      "InventorySlots": 8,
      "MaxArmor": 120,
      "MaxRearArmor": -1,
      "InternalStructure": 60
    },
    {
      "Location": "LeftTorso",
      "Hardpoints": [],
      "Tonnage": 0,
      "InventorySlots": 10,
      "MaxArmor": 160,
      "MaxRearArmor": 80,
      "InternalStructure": 80
    },
    {
      "Location": "CenterTorso",
      "Hardpoints": [],
      "Tonnage": 0,
      "InventorySlots": 4,
      "MaxArmor": 230,
      "MaxRearArmor": 115,
      "InternalStructure": 115
    },
    {
      "Location": "RightTorso",
      "Hardpoints": [
        {
          "WeaponMount": "Energy",
          "Omni": false
        },
        {
          "WeaponMount": "Energy",
          "Omni": false
        },
        {
          "WeaponMount": "AntiPersonnel",
          "Omni": false
        }
      ],
      "Tonnage": 0,
      "InventorySlots": 10,
      "MaxArmor": 160,
      "MaxRearArmor": 80,
      "InternalStructure": 80
    },
    {
      "Location": "RightArm",
      "Hardpoints": [
        {
          "WeaponMount": "Ballistic",
          "Omni": false
        },
        {
          "WeaponMount": "Energy",
          "Omni": false
        }
      ],
      "Tonnage": 0,
      "InventorySlots": 8,
      "MaxArmor": 120,
      "MaxRearArmor": -1,
      "InternalStructure": 60
    },
    {
      "Location": "LeftLeg",
      "Hardpoints": [],
      "Tonnage": 0,
      "InventorySlots": 4,
      "MaxArmor": 160,
      "MaxRearArmor": -1,
      "InternalStructure": 80
    },
    {
      "Location": "RightLeg",
      "Hardpoints": [],
      "Tonnage": 0,
      "InventorySlots": 4,
      "MaxArmor": 160,
      "MaxRearArmor": -1,
      "InternalStructure": 80
    }
  ],
  "LOSSourcePositions": [
    {
      "x": 0,
      "y": 15,
      "z": 1
    },
    {
      "x": 4,
      "y": 14,
      "z": 0
    },
    {
      "x": -4,
      "y": 14,
      "z": 0
    }
  ],
  "LOSTargetPositions": [
    {
      "x": 0,
      "y": 15,
      "z": 1
    },
    {
      "x": 4,
      "y": 14,
      "z": 0
    },
    {
      "x": -4,
      "y": 14,
      "z": 0
    },
    {
      "x": 2.5,
      "y": 5,
      "z": 1
    },
    {
      "x": -2.5,
      "y": 5,
      "z": 1
    }
  ],
  "VariantName": "HMH-4D",
  "ChassisTags": {
    "items": [
      "mech_quirk_barrelfist",
      "mech_quirk_protectedactuators"
    ],
    "tagSetSourceFile": ""
  },
  "StockRole": "Juggernaut",
  "YangsThoughts": "In the HMH-4D modification, the jump jets with the SRM-6 rack with its ammo were removed for PPC mounting. This reduced the 'Mech's reliance on ammunition and increased long-range firepower, but the loss of the ability to jump, I think, wasn't worth it.",
  "FixedEquipment": []
}