{
  "Description": {
    "Cost": 11220000,
    "Rarity": 5,
    "Purchasable": true,
    "Manufacturer": "",
    "Model": "",
    "UIName": "Rifleman",
    "Id": "chassisdef_rifleman_RFL-5CS",
    "Name": "Rifleman",
    "Details": "Effectively a flawed compromise combination of the RFL-3C's armor profile, the RFL-5M's weaponry and a larger Vlar 300 XL from the Clanbuster cache, the RFL-5CS was hurriedly developed for the Battle of Tukayyid by ComStar. An attempt to enhance the Riflemans endurance, the RFL-5CS's higher speed of 86 km/h allows it to more easily redeploy, where the swap to Imperator Ultra Autocannon/5s and an extra ton of reloads keep in the fight longer, ten double heat sinks able to deal with the heat generated by the UAC5 and the retained Large Lasers. While highly successful if properly supported and screened by short-ranged escorts, unfortunately only a modest increase of armor and removal of any supporting weaponry meant that isolated RFL-5CSs became easy prey for targeted fire against their arms or headhunter Elemental teams.",
    "Icon": "uixTxrIcon_rifleman"
  },
  "MovementCapDefID": "movedef_thunder_THR-1L",
  "PathingCapDefID": "pathingdef_heavy",
  "HardpointDataDefID": "hardpointdatadef_rifleman",
  "PrefabIdentifier": "chrPrfMech_riflemanBase-001",
  "PrefabBase": "rifleman",
  "Tonnage": 60,
  "InitialTonnage": 21.5,
  "weightClass": "HEAVY",
  "Heatsinks": 10,
  "MaxJumpjets": 0,
  "Stability": 160,
  "StabilityDefenses": [
    0,
    0,
    0,
    0,
    0,
    0
  ],
  "SpotterDistanceMultiplier": 1,
  "VisibilityMultiplier": 1,
  "SensorRangeMultiplier": 1,
  "Signature": 0,
  "Radius": 8,
  "PunchesWithLeftArm": false,
  "MeleeDamage": 55,
  "MeleeInstability": 60,
  "MeleeToHitModifier": 0,
  "DFADamage": 75,
  "DFAToHitModifier": 0,
  "DFASelfDamage": 75,
  "DFAInstability": 75,
  "Locations": [
    {
      "Location": "Head",
      "Hardpoints": [],
      "Tonnage": 0,
      "InventorySlots": 1,
      "MaxArmor": 45,
      "MaxRearArmor": -1,
      "InternalStructure": 16
    },
    {
      "Location": "LeftArm",
      "Hardpoints": [
        {
          "WeaponMount": "Ballistic",
          "Omni": false
        },
        {
          "WeaponMount": "Energy",
          "Omni": false
        }
      ],
      "Tonnage": 0,
      "InventorySlots": 8,
      "MaxArmor": 100,
      "MaxRearArmor": -1,
      "InternalStructure": 50
    },
    {
      "Location": "LeftTorso",
      "Hardpoints": [
        {
          "WeaponMount": "Energy",
          "Omni": false
        },
        {
          "WeaponMount": "AntiPersonnel",
          "Omni": false
        }
      ],
      "Tonnage": 0,
      "InventorySlots": 10,
      "MaxArmor": 140,
      "MaxRearArmor": 70,
      "InternalStructure": 70
    },
    {
      "Location": "CenterTorso",
      "Hardpoints": [],
      "Tonnage": 0,
      "InventorySlots": 4,
      "MaxArmor": 200,
      "MaxRearArmor": 100,
      "InternalStructure": 100
    },
    {
      "Location": "RightTorso",
      "Hardpoints": [
        {
          "WeaponMount": "Energy",
          "Omni": false
        },
        {
          "WeaponMount": "AntiPersonnel",
          "Omni": false
        }
      ],
      "Tonnage": 0,
      "InventorySlots": 10,
      "MaxArmor": 140,
      "MaxRearArmor": 70,
      "InternalStructure": 70
    },
    {
      "Location": "RightArm",
      "Hardpoints": [
        {
          "WeaponMount": "Ballistic",
          "Omni": false
        },
        {
          "WeaponMount": "Energy",
          "Omni": false
        }
      ],
      "Tonnage": 0,
      "InventorySlots": 8,
      "MaxArmor": 100,
      "MaxRearArmor": -1,
      "InternalStructure": 50
    },
    {
      "Location": "LeftLeg",
      "Hardpoints": [],
      "Tonnage": 0,
      "InventorySlots": 4,
      "MaxArmor": 140,
      "MaxRearArmor": -1,
      "InternalStructure": 70
    },
    {
      "Location": "RightLeg",
      "Hardpoints": [],
      "Tonnage": 0,
      "InventorySlots": 4,
      "MaxArmor": 140,
      "MaxRearArmor": -1,
      "InternalStructure": 70
    }
  ],
  "LOSSourcePositions": [
    {
      "x": 0,
      "y": 14,
      "z": 0.5
    },
    {
      "x": 4.5,
      "y": 13,
      "z": -0.5
    },
    {
      "x": -4.5,
      "y": 13,
      "z": -0.5
    }
  ],
  "LOSTargetPositions": [
    {
      "x": 0,
      "y": 14,
      "z": 0.5
    },
    {
      "x": 4.5,
      "y": 13,
      "z": -0.5
    },
    {
      "x": -4.5,
      "y": 13,
      "z": -0.5
    },
    {
      "x": 2.5,
      "y": 5,
      "z": 1.25
    },
    {
      "x": -2.5,
      "y": 5,
      "z": 1.25
    }
  ],
  "VariantName": "RFL-5CS",
  "ChassisTags": {
    "items": [
      "chassis_DHS",
      "mech_quirk_antiaircraft",
      "mech_quirk_improvedcomm",
      "mech_quirk_searchlight_LT",
      "mech_quirk_searchlight_RT"
    ],
    "tagSetSourceFile": ""
  },
  "StockRole": "Sniper",
  "YangsThoughts": "Another improved chassis used in the Battle of Tukayyid by ComStar. Vlar 300 XL The engine allows the car to reach 86 km/h and the cooling has also been improved with ten double heat sinks. The main armament is two UAC/5 autocannons and two Large Lasers. A good sniper 'Mech, but almost defenseless in close combat, so don't let enemies get close.",
  "FixedEquipment": [
    {
      "MountedLocation": "Head",
      "ComponentDefID": "Gear_General_Rangefinder_Suite",
      "SimGameUID": "",
      "ComponentDefType": "Upgrade",
      "HardpointSlot": -1,
      "IsFixed": true,
      "GUID": null,
      "DamageLevel": "Functional",
      "prefabName": null,
      "hasPrefabName": false
    },
    {
      "MountedLocation": "LeftTorso",
      "ComponentDefID": "Gear_XL_Engine",
      "SimGameUID": "",
      "ComponentDefType": "Upgrade",
      "HardpointSlot": -1,
      "IsFixed": true,
      "GUID": null,
      "DamageLevel": "Functional",
      "prefabName": null,
      "hasPrefabName": false
    },
    {
      "MountedLocation": "RightTorso",
      "ComponentDefID": "Gear_XL_Engine",
      "SimGameUID": "",
      "ComponentDefType": "Upgrade",
      "HardpointSlot": -1,
      "IsFixed": true,
      "GUID": null,
      "DamageLevel": "Functional",
      "prefabName": null,
      "hasPrefabName": false
    }
  ]
}