{
  "Description": {
    "Cost": 7690000,
    "Rarity": 4,
    "Purchasable": true,
    "Manufacturer": "",
    "Model": "",
    "UIName": "Shadow Hawk",
    "Id": "chassisdef_shadowhawk_SHD-2Hb",
    "Name": "Shadow Hawk",
    "Details": "The SLDF Royal upgrade of the Shadow Hawk changes the role of the 'Mech to a close-range brawler. Introduced in 2752 the weapon systems are replaced with an LB 10-X AC, two Streak SRM-2s and two medium lasers. The heat sinks are double-strength models and the ammo is protected by CASE. To save weight it uses an Endo-Steel chassis and Ferro-Fibrous armor.",
    "Icon": "uixTxrIcon_shadowhawk"
  },
  "MovementCapDefID": "movedef_shadowhawk_SHD-2H",
  "PathingCapDefID": "pathingdef_medium",
  "HardpointDataDefID": "hardpointdatadef_shadowhawk",
  "PrefabIdentifier": "chrPrfMech_shadowhawkBase-001",
  "PrefabBase": "shadowhawk",
  "Tonnage": 55,
  "InitialTonnage": 25,
  "weightClass": "MEDIUM",
  "BattleValue": 5171000,
  "Heatsinks": 10,
  "TopSpeed": 80,
  "TurnRadius": 90,
  "MaxJumpjets": 3,
  "Stability": 130,
  "StabilityDefenses": [
    0,
    0,
    0,
    0,
    0,
    0
  ],
  "SpotterDistanceMultiplier": 1,
  "VisibilityMultiplier": 1,
  "SensorRangeMultiplier": 1,
  "Signature": 0,
  "Radius": 5,
  "PunchesWithLeftArm": false,
  "MeleeDamage": 85,
  "MeleeInstability": 55,
  "MeleeToHitModifier": -2,
  "DFADamage": 70,
  "DFAToHitModifier": 0,
  "DFASelfDamage": 70,
  "DFAInstability": 70,
  "Locations": [
    {
      "Location": "Head",
      "Hardpoints": [
        {
          "WeaponMount": "Missile",
          "Omni": false
        }
      ],
      "Tonnage": 0,
      "InventorySlots": 1,
      "MaxArmor": 45,
      "MaxRearArmor": -1,
      "InternalStructure": 16
    },
    {
      "Location": "LeftArm",
      "Hardpoints": [
        {
          "WeaponMount": "Energy",
          "Omni": false
        },
        {
          "WeaponMount": "AntiPersonnel",
          "Omni": false
        }
      ],
      "Tonnage": 0,
      "InventorySlots": 8,
      "MaxArmor": 90,
      "MaxRearArmor": -1,
      "InternalStructure": 45
    },
    {
      "Location": "LeftTorso",
      "Hardpoints": [
        {
          "WeaponMount": "Ballistic",
          "Omni": false
        },
        {
          "WeaponMount": "Ballistic",
          "Omni": false
        }
      ],
      "Tonnage": 0,
      "InventorySlots": 10,
      "MaxArmor": 130,
      "MaxRearArmor": 65,
      "InternalStructure": 65
    },
    {
      "Location": "CenterTorso",
      "Hardpoints": [],
      "Tonnage": 0,
      "InventorySlots": 4,
      "MaxArmor": 180,
      "MaxRearArmor": 90,
      "InternalStructure": 90
    },
    {
      "Location": "RightTorso",
      "Hardpoints": [
        {
          "WeaponMount": "Missile",
          "Omni": false
        },
        {
          "WeaponMount": "Missile",
          "Omni": false
        }
      ],
      "Tonnage": 0,
      "InventorySlots": 10,
      "MaxArmor": 130,
      "MaxRearArmor": 65,
      "InternalStructure": 65
    },
    {
      "Location": "RightArm",
      "Hardpoints": [
        {
          "WeaponMount": "Energy",
          "Omni": false
        },
        {
          "WeaponMount": "AntiPersonnel",
          "Omni": false
        }
      ],
      "Tonnage": 0,
      "InventorySlots": 8,
      "MaxArmor": 90,
      "MaxRearArmor": -1,
      "InternalStructure": 45
    },
    {
      "Location": "LeftLeg",
      "Hardpoints": [],
      "Tonnage": 0,
      "InventorySlots": 4,
      "MaxArmor": 130,
      "MaxRearArmor": -1,
      "InternalStructure": 65
    },
    {
      "Location": "RightLeg",
      "Hardpoints": [],
      "Tonnage": 0,
      "InventorySlots": 4,
      "MaxArmor": 130,
      "MaxRearArmor": -1,
      "InternalStructure": 65
    }
  ],
  "LOSSourcePositions": [
    {
      "x": 0,
      "y": 15,
      "z": 0
    },
    {
      "x": 4,
      "y": 15,
      "z": 0
    },
    {
      "x": -4,
      "y": 15,
      "z": 0
    }
  ],
  "LOSTargetPositions": [
    {
      "x": 0,
      "y": 15,
      "z": 0
    },
    {
      "x": 4,
      "y": 15,
      "z": 0
    },
    {
      "x": -4,
      "y": 15,
      "z": 0
    },
    {
      "x": 2.5,
      "y": 6,
      "z": 2.5
    },
    {
      "x": -2.5,
      "y": 6,
      "z": 2.5
    }
  ],
  "VariantName": "SHD-2Hb",
  "ChassisTags": {
    "items": [
      "chassis_DHS",
      "chassis_endo",
      "chassis_ferro",
      "mech_case_right",
      "mech_quirk_battlefists",
      "mech_quirk_improvedlifesupport"
    ],
    "tagSetSourceFile": ""
  },
  "StockRole": "Brawler & Skirmisher",
  "YangsThoughts": "The 2Hb Shadow Hawk model was designed for the Star League's Royal regiments. This 'Mech was conceived as a brawler and is very dangerous at close range thanks to its heavy weapons load.",
  "FixedEquipment": [
    {
      "MountedLocation" : "LeftArm",
      "ComponentDefID" : "Gear_EndoFerroCombo_6_Slot",
      "SimGameUID" : "",
      "ComponentDefType" : "Upgrade",
      "HardpointSlot" : -1,
      "IsFixed" : true,
      "GUID" : null,
      "DamageLevel" : "Functional",
      "prefabName" : null,
      "hasPrefabName" : false
    },
    {
      "MountedLocation" : "LeftTorso",
      "ComponentDefID" : "Gear_EndoFerroCombo_2_Slot",
      "SimGameUID" : "",
      "ComponentDefType" : "Upgrade",
      "HardpointSlot" : -1,
      "IsFixed" : true,
      "GUID" : null,
      "DamageLevel" : "Functional",
      "prefabName" : null,
      "hasPrefabName" : false
    },
    {
      "MountedLocation": "LeftTorso",
      "ComponentDefID": "Gear_General_OP_2000A_Interface",
      "SimGameUID": "",
      "ComponentDefType": "Upgrade",
      "HardpointSlot": -1,
      "IsFixed": true,
      "GUID": null,
      "DamageLevel": "Functional",
      "prefabName": null,
      "hasPrefabName": false
    },
    {
      "MountedLocation" : "CenterTorso",
      "ComponentDefID" : "Gear_EndoFerroCombo_1_Slot",
      "SimGameUID" : "",
      "ComponentDefType" : "Upgrade",
      "HardpointSlot" : -1,
      "IsFixed" : true,
      "GUID" : null,
      "DamageLevel" : "Functional",
      "prefabName" : null,
      "hasPrefabName" : false
    },
    {
      "MountedLocation" : "RightTorso",
      "ComponentDefID" : "Gear_EndoFerroCombo_2_Slot",
      "SimGameUID" : "",
      "ComponentDefType" : "Upgrade",
      "HardpointSlot" : -1,
      "IsFixed" : true,
      "GUID" : null,
      "DamageLevel" : "Functional",
      "prefabName" : null,
      "hasPrefabName" : false
    },
    {
      "MountedLocation" : "RightArm",
      "ComponentDefID" : "Gear_EndoFerroCombo_6_Slot",
      "SimGameUID" : "",
      "ComponentDefType" : "Upgrade",
      "HardpointSlot" : -1,
      "IsFixed" : true,
      "GUID" : null,
      "DamageLevel" : "Functional",
      "prefabName" : null,
      "hasPrefabName" : false
    },
    {
      "MountedLocation" : "LeftLeg",
      "ComponentDefID" : "Gear_EndoFerroCombo_4_Slot",
      "SimGameUID" : "",
      "ComponentDefType" : "Upgrade",
      "HardpointSlot" : -1,
      "IsFixed" : true,
      "GUID" : null,
      "DamageLevel" : "Functional",
      "prefabName" : null,
      "hasPrefabName" : false
    },
    {
      "MountedLocation" : "RightLeg",
      "ComponentDefID" : "Gear_EndoFerroCombo_4_Slot",
      "SimGameUID" : "",
      "ComponentDefType" : "Upgrade",
      "HardpointSlot" : -1,
      "IsFixed" : true,
      "GUID" : null,
      "DamageLevel" : "Functional",
      "prefabName" : null,
      "hasPrefabName" : false
    }
  ]
}