{
  "Description": {
    "Cost": 10200000,
    "Rarity": 4,
    "Purchasable": true,
    "Manufacturer": "",
    "Model": "",
    "UIName": "Archer",
    "Id": "chassisdef_archer_ARC-2Rb",
    "Name": "Archer",
    "Details": "Equipped with Star League technology, the 2Rb variant of the Archer was built for SLDF Royal units starting in 2752. Built on an Endo Steel internal structure, this variant dropped one of the rear-firing medium lasers and one ton of ammunition to equip the LRM-20s with Artemis IV fire control systems and CASE. The 2Rb also used ten double heat sinks to keep the 'Mech cool.",
    "Icon": "uixTxrIcon_archer"
  },
  "MovementCapDefID": "movedef_archer_ARC-2R",
  "PathingCapDefID": "pathingdef_assault",
  "HardpointDataDefID": "hardpointdatadef_archer",
  "PrefabIdentifier": "chrPrfMech_archerBase-001",
  "PrefabBase": "archer",
  "Tonnage": 70,
  "InitialTonnage": 28.5,
  "weightClass": "HEAVY",
  "Heatsinks": 10,
  "MaxJumpjets": 0,
  "Stability": 200,
  "StabilityDefenses": [
    0,
    0,
    0,
    0,
    0,
    0
  ],
  "SpotterDistanceMultiplier": 1,
  "VisibilityMultiplier": 1,
  "SensorRangeMultiplier": 1,
  "Signature": 0,
  "Radius": 8,
  "PunchesWithLeftArm": false,
  "MeleeDamage": 105,
  "MeleeInstability": 70,
  "MeleeToHitModifier": -2,
  "DFADamage": 90,
  "DFAToHitModifier": 0,
  "DFASelfDamage": 90,
  "DFAInstability": 90,
  "Locations": [
    {
      "Location": "Head",
      "Hardpoints": [],
      "Tonnage": 0,
      "InventorySlots": 1,
      "MaxArmor": 45,
      "MaxRearArmor": -1,
      "InternalStructure": 16
    },
    {
      "Location": "LeftArm",
      "Hardpoints": [
        {
          "WeaponMount": "Energy",
          "Omni": false
        },
        {
          "WeaponMount": "AntiPersonnel",
          "Omni": false
        }
      ],
      "Tonnage": 0,
      "InventorySlots": 8,
      "MaxArmor": 110,
      "MaxRearArmor": -1,
      "InternalStructure": 55
    },
    {
      "Location": "LeftTorso",
      "Hardpoints": [
        {
          "WeaponMount": "Missile",
          "Omni": false
        },
        {
          "WeaponMount": "Missile",
          "Omni": false
        }
      ],
      "Tonnage": 0,
      "InventorySlots": 10,
      "MaxArmor": 150,
      "MaxRearArmor": 75,
      "InternalStructure": 75
    },
    {
      "Location": "CenterTorso",
      "Hardpoints": [
        {
          "WeaponMount": "Energy",
          "Omni": false
        },
        {
          "WeaponMount": "Energy",
          "Omni": false
        }
      ],
      "Tonnage": 0,
      "InventorySlots": 4,
      "MaxArmor": 220,
      "MaxRearArmor": 110,
      "InternalStructure": 110
    },
    {
      "Location": "RightTorso",
      "Hardpoints": [
        {
          "WeaponMount": "Missile",
          "Omni": false
        },
        {
          "WeaponMount": "Missile",
          "Omni": false
        }
      ],
      "Tonnage": 0,
      "InventorySlots": 10,
      "MaxArmor": 150,
      "MaxRearArmor": 75,
      "InternalStructure": 75
    },
    {
      "Location": "RightArm",
      "Hardpoints": [
        {
          "WeaponMount": "Energy",
          "Omni": false
        },
        {
          "WeaponMount": "AntiPersonnel",
          "Omni": false
        }
      ],
      "Tonnage": 0,
      "InventorySlots": 8,
      "MaxArmor": 110,
      "MaxRearArmor": -1,
      "InternalStructure": 55
    },
    {
      "Location": "LeftLeg",
      "Hardpoints": [],
      "Tonnage": 0,
      "InventorySlots": 4,
      "MaxArmor": 150,
      "MaxRearArmor": -1,
      "InternalStructure": 75
    },
    {
      "Location": "RightLeg",
      "Hardpoints": [],
      "Tonnage": 0,
      "InventorySlots": 4,
      "MaxArmor": 150,
      "MaxRearArmor": -1,
      "InternalStructure": 75
    }
  ],
  "LOSSourcePositions": [
    {
      "x": 0,
      "y": 15,
      "z": -1
    },
    {
      "x": 4,
      "y": 14,
      "z": -0.5
    },
    {
      "x": -4,
      "y": 14,
      "z": -0.5
    }
  ],
  "LOSTargetPositions": [
    {
      "x": 0,
      "y": 15,
      "z": -1
    },
    {
      "x": 4,
      "y": 14,
      "z": -0.5
    },
    {
      "x": -4,
      "y": 14,
      "z": -0.5
    },
    {
      "x": 2.5,
      "y": 5,
      "z": 1
    },
    {
      "x": -2.5,
      "y": 5,
      "z": 1
    }
  ],
  "VariantName": "ARC-2Rb",
  "ChassisTags": {
    "items": [
      "chassis_DHS",
      "chassis_endo",
      "mech_case_left",
      "mech_case_right",
      "mech_quirk_battlefists",
      "mech_quirk_commandmech",
      "mech_quirk_stable"
    ],
    "tagSetSourceFile": ""
  },
  "YangsThoughts": "Well, there isn't much to say here. The 2Rb Archer was created for the SLDF Royal regiments. If a simple 2R is a good 'Mech, then the 2Rb has become even better due to the Endo Steel structure, Artemis IV fire control systems and double heatsinks.",
  "StockRole": "__/CHASSISDEF_ARCHER_ARC-2R.STOCKROLE/__",
  "FixedEquipment": [
    {
      "MountedLocation" : "LeftArm",
      "ComponentDefID" : "Gear_EndoSteel_6_Slot",
      "SimGameUID" : "",
      "ComponentDefType" : "Upgrade",
      "HardpointSlot" : -1,
      "IsFixed" : true,
      "GUID" : null,
      "DamageLevel" : "Functional",
      "prefabName" : null,
      "hasPrefabName" : false
    },
    {
      "MountedLocation" : "CenterTorso",
      "ComponentDefID" : "Gear_EndoSteel_1_Slot",
      "SimGameUID" : "",
      "ComponentDefType" : "Upgrade",
      "HardpointSlot" : -1,
      "IsFixed" : true,
      "GUID" : null,
      "DamageLevel" : "Functional",
      "prefabName" : null,
      "hasPrefabName" : false
    },
    {
      "MountedLocation" : "RightArm",
      "ComponentDefID" : "Gear_EndoSteel_6_Slot",
      "SimGameUID" : "",
      "ComponentDefType" : "Upgrade",
      "HardpointSlot" : -1,
      "IsFixed" : true,
      "GUID" : null,
      "DamageLevel" : "Functional",
      "prefabName" : null,
      "hasPrefabName" : false
    }
  ]
}