SteinerA,,,,,,,
,,,,,,,
,,,,,,,
Dates,3025-01-01T00:00:00Z,,3039-01-01T00:00:00Z,,3050-01-01T00:00:00Z,,3057-01-01T00:00:00Z
Lights,,,,,,,
mechdef_stinger_STG-3R,76,,88,,70,,38
mechdef_wasp_WSP-1W,3,,3,,3,,3
mechdef_wasp_WSP-1A,191,,180,,88,,55
mechdef_fireball_ALM-7D,0,,0,,0,3053-01-01T00:00:00Z,19
mechdef_wasp_WSP-1S,0,,0,3049-01-01T00:00:00Z,44,,75
mechdef_locust_LCT-1V,27,,25,,31,,11
mechdef_dart_DRT-3S,0,,0,,0,3051-01-01T00:00:00Z,38
mechdef_locust_LCT-1S,126,,118,,70,,26
mechdef_locust_LCT-3S,0,,0,3049-01-01T00:00:00Z,12,,38
mechdef_ostscout_OTT-7K,0,,0,,0,3050-01-01T00:00:00Z,11
mechdef_locust_LCT-3V,7,,6,,8,,7
mechdef_stinger_STG-3G,38,,36,,44,,38
mechdef_fireball_ALM-9D,0,,0,,0,3053-01-01T00:00:00Z,11
mechdef_commando_COM-3A,38,,36,,44,,26
mechdef_commando_COM-2D,126,,106,,145,,38
mechdef_commando_COM-5S,0,,0,,0,3050-01-01T00:00:00Z,75
mechdef_commando_COM-1D,27,,25,,31,,19
mechdef_fireball_ALM-8D,0,,0,,0,3054-01-01T00:00:00Z,11
mechdef_javelin_JVN-10N,19,,18,,22,,19
mechdef_ostscout_OTT-7J,19,,18,,22,,19
mechdef_hermes_HER-1A,7,,6,,4,,4
mechdef_falcon_FLC-4N,4,,4,,0,,0
mechdef_spider_SDR-5V,19,,18,,12,,19
mechdef_hermes_HER-1B,4,,4,,0,,0
mechdef_dart_DRT-6S,0,,0,,0,3051-01-01T00:00:00Z,11
mechdef_dart_DRT-4S,0,,0,,0,3051-01-01T00:00:00Z,11
mechdef_firestarter_FS9-H,139,,97,,88,,75
mechdef_valkyrie_VLK-QA,22,,50,,44,,26
mechdef_mongoose_MON-67,14,,12,,8,,11
mechdef_firestarter_FS9-S,0,,0,3049-01-01T00:00:00Z,22,,26
mechdef_firestarter_FS9-K,10,,8,,4,,4
mechdef_firestarter_FS9-M,14,,12,,8,,7
mechdef_valkyrie_VLK-QD,0,,0,3049-01-01T00:00:00Z,31,,60
mechdef_firestarter_FS9-S1,0,,0,3049-01-01T00:00:00Z,22,,26
mechdef_javelin_JVN-10F,8,,8,,4,,4
mechdef_hollander_BZK-G1,0,,0,,0,3056-01-01T00:00:00Z,7
mechdef_wolfhound_WLF-1,0,3028-01-15T00:00:00Z,36,,18,,18
mechdef_hollander_BZK-F3,0,,0,,0,3054-01-01T00:00:00Z,26
mechdef_wolfhound_WLF-1A,0,3028-03-15T00:00:00Z,8,,4,,4
mechdef_wolfhound_WLF-1B,0,3028-03-15T00:00:00Z,8,,4,,4
mechdef_nighthawk_NTK-2Q,0,,0,,0,3050-01-01T00:00:00Z,11
mechdef_wolfhound_WLF-2,0,,0,,0,3052-01-01T00:00:00Z,38
mechdef_talon_TLN-5W,0,,0,,0,3056-01-01T00:00:00Z,7
mechdef_spector_SPR-5F,0,,0,,0,3053-01-01T00:00:00Z,19
Mediums,,,,,,,
mechdef_vulcan_VL-2T,26,,39,,63,,22
mechdef_assassin_ASN-23,0,,0,,0,3050-01-01T00:00:00Z,9
mechdef_cicada_CDA-2A,24,,22,,7,,0
mechdef_assassin_ASN-21,24,,22,,7,,6
mechdef_clint_CLNT-2-3T,5,,4,,0,,0
mechdef_hatchetman_HCT-3F,17,,21,,52,,25
mechdef_vulcan_VL-5S,0,,0,,0,3050-01-01T00:00:00Z,50
mechdef_vulcan_VL-5T,8,,8,,7,,6
mechdef_centurion_CN9-A,5,,12,,11,,9
mechdef_whitworth_WTH-1,13,,12,,7,,6
mechdef_trebuchet_TBT-5S,8,,8,,7,,6
mechdef_wyvern_WVE-6N,8,,8,,4,,3
mechdef_enforcer_ENF-4R,13,,30,,27,,22
mechdef_hatchetman_HCT-5S,0,,0,,0,3050-01-01T00:00:00Z,50
mechdef_phoenixhawk_PXH-1,156,,143,,129,,50
mechdef_hunchback_HBK-4G,33,,30,,20,,16
mechdef_hunchback_HBK-4SP,0,3025-09-01T00:00:00Z,8,,7,,6
mechdef_nightsky_NGS-5S,0,,0,,0,3053-01-01T00:00:00Z,6
mechdef_centurion_CN9-AL,13,,22,,20,,16
mechdef_shadowhawk_SHD-2H,76,,69,,63,,31
mechdef_clint_CLNT-2-3U,0,,0,,0,3050-01-01T00:00:00Z,9
mechdef_hunchback_HBK-4H,5,,4,,4,,0
mechdef_hunchback_HBK-4N,5,,4,,4,,0
mechdef_wolverine_WVR-6R,76,,69,,63,,50
mechdef_centurion_CN9-D,0,,0,,0,3049-01-01T00:00:00Z,31
mechdef_hunchback_HBK-4P,5,,4,,4,,0
mechdef_crab_CRB-20,8,,8,,7,,6
mechdef_firestarter_FS9-O,0,,0,,0,3056-01-01T00:00:00Z,9
mechdef_hunchback_HBK-4J,5,,4,,4,,0
mechdef_dervish_DV-6M,33,,43,,39,,31
mechdef_nightsky_NGS-4S,0,,0,,0,3053-01-01T00:00:00Z,31
mechdef_trebuchet_TBT-5N,33,,30,,27,,22
mechdef_bushwacker_BSW-X2,0,,0,,0,3053-01-01T00:00:00Z,9
mechdef_bushwacker_BSW-X1,0,,0,,0,3053-01-01T00:00:00Z,31
mechdef_phoenixhawk_PXH-3S,0,,0,3042-01-01T00:00:00Z,63,,156
mechdef_enfield_END-6Q,0,,0,,0,3055-01-01T00:00:00Z,16
mechdef_griffin_GRF-1S,76,,69,,63,,31
mechdef_griffin_GRF-1N,246,,235,,129,,22
mechdef_griffin_GRF-1DS,0,,0,3049-01-01T00:00:00Z,27,,62
mechdef_nightsky_NGS-4T,0,,0,,0,3056-01-01T00:00:00Z,6
mechdef_bushwacker_BSW-S2,0,,0,,0,3056-01-01T00:00:00Z,9
mechdef_enforcer_ENF-5D,0,,0,,0,3050-01-01T00:00:00Z,22
mechdef_wolverine_WVR-7D,0,,0,,0,3050-01-01T00:00:00Z,31
mechdef_phoenixhawk_PXH-3D,0,,0,3048-01-01T00:00:00Z,20,,16
mechdef_centurion_CN9-D3,0,,0,,0,3052-01-01T00:00:00Z,9
mechdef_dervish_DV-7D,0,,0,3047-01-01T00:00:00Z,11,,22
mechdef_starslayer_STY-3C,0,,0,,0,3056-01-01T00:00:00Z,9
mechdef_lynx_LNX-9Q,0,,0,,0,3056-01-01T00:00:00Z,9
mechdef_lynx_LNX-9R,0,,0,,0,3056-01-01T00:00:00Z,6
mechdef_hatchetman_HCT-3X,3,,5,,5,,5
Heavies,,,,,,,
mechdef_jagermech_JM6-DD,0,,0,3043-01-01T00:00:00Z,11,,9
mechdef_champion_CHP-2N,7,,7,,7,,6
mechdef_quickdraw_QKD-4G,26,,26,,19,,16
mechdef_quickdraw_QKD-5A,4,,4,,0,,0
mechdef_merlin_MLN-1A,4,,4,,4,3056-12-01T00:00:00Z,0
mechdef_ostroc_OSR-2C,26,,26,,11,,9
mechdef_ostroc_OSR-2L,4,,4,,0,,0
mechdef_quickdraw_QKD-4H,4,,4,,0,,0
mechdef_ostsol_OTL-4D,61,,59,,27,,22
mechdef_ostroc_OSR-3C,4,,4,,0,,0
mechdef_orion_ON1-V,4,,4,,0,,0
mechdef_warhammer_WHM-6R,125,,122,,128,,51
mechdef_crusader_CRD-3R,125,,122,,128,,49
mechdef_orion_ON1-VA,4,,4,,0,,0
mechdef_cataphract_CTF-3D,0,,0,,0,3050-01-01T00:00:00Z,16
mechdef_thunderbolt_TDR-5S,26,,26,,27,,16
mechdef_thunderbolt_TDR-5SS,76,,74,,78,,32
mechdef_archer_ARC-2W,3,,3,,3,,3
mechdef_archer_ARC-5S,0,,0,,0,3050-01-01T00:00:00Z,63
mechdef_marauder_MAD-3R,26,,26,,27,,22
mechdef_axman_AXM-1N,0,,0,3048-01-01T00:00:00Z,27,,32
mechdef_guillotine_GLT-4P,4,,4,,4,,3
mechdef_archer_ARC-2S,76,,74,,78,,32
mechdef_catapult_CPLT-C1,4,,4,,0,,0
mechdef_rifleman_RFL-5D,0,,0,,0,3050-01-01T00:00:00Z,63
mechdef_ostroc_OSR-2D,0,,0,,0,3050-01-01T00:00:00Z,16
mechdef_guillotine_GLT-4L,19,,18,,19,,16
mechdef_thunderbolt_TDR-5SE,3,,3,,3,,3
mechdef_grasshopper_GHR-5H,24,,24,,27,,32
mechdef_orion_ON1-K,38,,37,,27,,22
mechdef_blackknight_BL-7-KNT,4,,4,,5,,3
mechdef_stalker_STK-4P,7,,7,,0,,0
mechdef_crusader_CRD-5S,0,,0,3049-01-01T00:00:00Z,11,,63
mechdef_catapult_CPLT-C4C,0,,0,,0,3055-01-01T00:00:00Z,22
mechdef_axman_AXM-2N,0,,0,3048-01-01T00:00:00Z,7,,9
mechdef_archer_ARC-2R,184,,182,,128,,51
mechdef_warhammer_WHM-7S,0,,0,,0,3050-01-01T00:00:00Z,63
mechdef_flashman_FLS-7K,76,,74,,37,,37
mechdef_thunderbolt_TDR-9S,0,,0,,0,3050-01-01T00:00:00Z,63
mechdef_grasshopper_GHR-5N,0,,0,3040-01-01T00:00:00Z,7,,6
mechdef_penetrator_PTR-4F,0,,0,,0,3056-01-01T00:00:00Z,6
mechdef_caesar_CES-3R,0,,0,3049-01-01T00:00:00Z,11,,51
mechdef_penetrator_PTR-4D,0,,0,,0,3053-01-01T00:00:00Z,16
mechdef_marauder_MAD-5D,0,,0,3047-01-01T00:00:00Z,11,3056-12-01T00:00:00Z,0
mechdef_cestus_CTS-6Y,0,,0,,0,3055-01-01T00:00:00Z,6
mechdef_rakshasa_MDG-1B,0,,0,,0,3056-01-01T00:00:00Z,3
mechdef_rakshasa_MDG-1A,0,,0,,0,3055-01-01T00:00:00Z,6
mechdef_marauder_MAD-5S,0,,0,,0,3051-01-01T00:00:00Z,32
mechdef_falconer_FLC-8R,0,,0,,0,3053-01-01T00:00:00Z,22
Assaults,,,,,,,
mechdef_cyclops_CP-10-Z,2,,16,,6,,6
mechdef_longbow_LGB-0W,60,,52,,55,,50
mechdef_zeus_ZEU-6S,184,,158,,68,,48
mechdef_victor_VTR-9B,26,,23,,24,,22
mechdef_zeus_ZEU-6A,11,,9,,10,,0
mechdef_stalker_STK-5S,0,,0,,0,3050-01-01T00:00:00Z,50
mechdef_annihilator_ANH-1A,3,,3,,3,,3
mechdef_zeus_ZEU-6T,0,3026-01-01T00:00:00Z,64,,170,,31
mechdef_battlemaster_BLR-3S,0,,0,,0,3050-01-01T00:00:00Z,62
mechdef_goliath_GOL-1H,19,,16,,17,,16
mechdef_striker_STC-2S,26,,23,,0,,0
mechdef_awesome_AWS-8R,4,,3,,3,,3
mechdef_striker_STC-2C,19,,16,,3,,3
mechdef_battlemaster_BLR-1S,10,,23,,24,,16
mechdef_awesome_AWS-8V,4,,3,,3,,3
mechdef_battlemaster_BLR-1G,60,,52,,55,,31
mechdef_cyclops_CP-11-A,0,,0,3045-01-01T00:00:00Z,3,,3
mechdef_cyclops_CP-11-C,0,,0,3049-12-01T00:00:00Z,3,,3
mechdef_stalker_STK-4N,19,,16,,17,,16
mechdef_stalker_STK-3F,124,,105,,102,,62
mechdef_cyclops_CP-10-Q,7,,6,,3,,3
mechdef_salamander_PPR-5T,0,,0,,0,3056-01-01T00:00:00Z,22
mechdef_awesome_AWS-8T,4,,3,,3,,3
mechdef_awesome_AWS-8Q,60,,52,,55,,50
mechdef_longbow_LGB-7Q,26,,23,,24,,22
mechdef_stalker_STK-3H,19,,16,,17,,16
mechdef_zeus_ZEU-9S,0,,0,3048-01-01T00:00:00Z,34,,155
mechdef_victor_VTR-9D,0,,0,,0,3049-01-01T00:00:00Z,31
mechdef_banshee_BNC-3S,10,,52,,68,,22
mechdef_salamander_PPR-5S,0,,0,,0,3055-01-01T00:00:00Z,31
mechdef_zeus_ZEU-9S2,0,,0,,0,3051-01-01T00:00:00Z,50
mechdef_atlas_AS7-A,7,,6,,6,,6
mechdef_highlander_HGN-733,41,,56,,24,,22
mechdef_kingcrab_KGC-0000,14,,12,,6,,6
mechdef_highlander_HGN-733C,14,,12,,0,,0
mechdef_longbow_LGB-7V,0,,0,,0,3056-01-01T00:00:00Z,6
mechdef_awesome_AWS-9Ma,0,,0,,0,3051-01-01T00:00:00Z,16
mechdef_devastator_DVS-1D,0,3036-01-01T00:00:00Z,6,,3,,3
mechdef_highlander_HGN-733P,14,,12,,0,,0
mechdef_atlas_AS7-D,120,,104,,55,,22
mechdef_atlas_AS7-S,0,,0,,0,3050-01-01T00:00:00Z,22
mechdef_cerberus_MR-V2,0,,0,,0,3054-01-01T00:00:00Z,9
mechdef_berserker_BRZ-B3,0,,0,,0,3056-01-01T00:00:00Z,6
mechdef_banshee_BNC-5S,0,,0,,0,3053-01-01T00:00:00Z,22
mechdef_berserker_BRZ-A3,0,,0,,0,3056-01-01T00:00:00Z,9
mechdef_devastator_DVS-2,0,,0,3048-01-01T00:00:00Z,6,,6
mechdef_thunderhawk_TDK-7X,0,,0,,0,3055-01-01T00:00:00Z,6
mechdef_cyclops_CP-10-HQ,8,,6,,6,,9
mechdef_atlas_AS7-D-DC,4,,3,,3,,3
mechdef_charger_CGR-SB,0,3025-07-01T00:00:00Z,3,,3,,3
mechdef_zeus_ZEU-6S-DC,3,,3,,3,,3
mechdef_marauderII_MAD-4A,3,,3,,3,,3
mechdef_marauderII_MAD-5A,0,,0,3049-01-01T00:00:00Z,3,,3
mechdef_marauderII_MAD-5B,0,,0,3050-01-01T00:00:00Z,3,,3
mechdef_marauderII_MAD-5C,0,,0,3052-01-01T00:00:00Z,3,,3
mechdef_emperor_EMP-5A,3,,3,,3,,3