MarikVehiclesNC,,,
,,,
Salvage:LiaoVehiclesNC,25,,25
Salvage:SteinerVehiclesNC,25,,25
Dates,3025-01-01T00:00:00Z,,3057-01-01T00:00:00Z
Lights,,,
vehicledef_SKULKER,22,,22
vehicledef_APC_Wheeled,80,,80
vehicledef_APC_Wheeled_LRM,40,,40
vehicledef_APC_Wheeled_MG,60,,60
vehicledef_APC_Wheeled_SRM,40,,40
vehicledef_APC_HeavyWheeled,80,,80
vehicledef_APC_HeavyWheeled_LRM,40,,40
vehicledef_APC_HeavyWheeled_MG,60,,60
vehicledef_APC_HeavyWheeled_SRM,40,,40
vehicledef_HeavyTransport_B1,80,,80
vehicledef_J-27,60,,60
vehicledef_J-27_ARMOR,40,,40
vehicledef_J-27_FUSION,3,,3
vehicledef_J-27_MG,20,,20
vehicledef_MASHTruck-UA,40,,40
vehicledef_MASHTruck,20,,20
vehicledef_MOBILEHQ,40,,40
vehicledef_MOBILEHQ-ICE,20,,20
vehicledef_MOBILEHQ-ICE_LL,7,,7
vehicledef_MOBILEHQ-ICE_LRM,7,,7
vehicledef_MOBILEHQ_LL,20,,20
vehicledef_MOBILEHQ_LRM,20,,20
vehicledef_PACKRAT_ICE,5,,5
vehicledef_PACKRAT_ML,8,,8
vehicledef_PACKRAT_PKR-T5,26,,26
vehicledef_PEGASUS_UA,9,,9
vehicledef_SWIFTWIND,7,,7
vehicledef_SWIFTWIND_Cargo,7,,7
vehicledef_SWIFTWIND_ICE,7,,7
Mediums,,,
vehicledef_MAXIM_SRM4,11,,11
vehicledef_MAXIM_SRM2,11,,11
vehicledef_MAXIM,76,,76
vehicledef_APC_Alsvin,0,3048-01-01T00:00:00Z,7
vehicledef_APC_Sleipnir,80,,80
vehicledef_APC_Sleipnir_LRM,20,,20
vehicledef_APC_Sleipnir_ML,40,,40
vehicledef_APC_Sleipnir_SRM,40,,40
vehicledef_APC_Turhan,40,,40
Heavies,,,
vehicledef_APC_Arvakr,0,3048-01-01T00:00:00Z,7
vehicledef_APC_Vargr,80,,80
vehicledef_APC_Vargr_LL,20,,20
vehicledef_APC_Vargr_LRM,20,,20
vehicledef_APC_Vargr_SRM,40,,40
vehicledef_LONGTOM-LT-MOB-25,20,,20
vehicledef_MARKSMAN,7,,7
Assaults,,,
vehicledef_LONGTOM-LT-MOB-25,80,,80