DavionA,,,,,,,
,,,,,,,
,,,,,,,
Dates,3025-01-01T00:00:00Z,,3039-01-01T00:00:00Z,,3050-01-01T00:00:00Z,,3057-01-01T00:00:00Z
Lights,,,,,,,
mechdef_stinger_STG-3R,27,,41,,34,,23
mechdef_wasp_WSP-1W,3,,3,,3,,3
mechdef_wasp_WSP-1A,128,,115,,106,,23
mechdef_fireball_ALM-7D,0,,0,,0,3053-01-01T00:00:00Z,33
mechdef_wasp_WSP-1D,77,,71,,64,,23
mechdef_wasp_WSP-1S,0,,0,3049-01-01T00:00:00Z,16,,54
mechdef_locust_LCT-1M,62,,56,,52,,17
mechdef_locust_LCT-3D,0,,0,3049-01-01T00:00:00Z,6,,23
mechdef_locust_LCT-1V,77,,71,,64,,23
mechdef_dart_DRT-3S,0,,0,,0,3051-01-01T00:00:00Z,23
mechdef_ostscout_OTT-7K,0,,0,,0,3050-01-01T00:00:00Z,17
mechdef_locust_LCT-3V,7,,6,,6,,6
mechdef_raptor_RTX1-OD,0,,0,,0,3052-01-01T00:00:00Z,4
mechdef_stinger_STG-3G,39,,35,,32,,23
mechdef_spider_SDR-5D,5,,4,,3,,0
mechdef_commando_COM-3A,0,,0,3039-01-01T00:00:00Z,3,,0
mechdef_commando_COM-2D,0,,10,,23,,0
mechdef_fireball_ALM-9D,0,,0,,0,3053-01-01T00:00:00Z,9
mechdef_commando_COM-5S,0,,0,,0,3050-01-01T00:00:00Z,54
mechdef_fireball_ALM-8D,0,,0,,0,3054-01-01T00:00:00Z,9
mechdef_javelin_JVN-10P,0,,0,3049-01-01T00:00:00Z,6,,67
mechdef_javelin_JVN-10N,77,,71,,64,,0
mechdef_ostscout_OTT-7J,19,,18,,16,,17
mechdef_hermes_HER-1A,7,,6,,6,,6
mechdef_falcon_FLC-4N,4,,4,,3,,6
mechdef_raptor_RTX1-OB,0,,0,,0,3052-01-01T00:00:00Z,6
mechdef_spider_SDR-5V,27,,25,,23,,23
mechdef_raven_RVN-1X,0,3028-09-01T00:00:00Z,10,,9,,0
mechdef_javelin_JVN-10A,11,,10,,9,,0
mechdef_dart_DRT-6S,0,,0,,0,3051-01-01T00:00:00Z,17
mechdef_valkyrie_VLK-QF,27,,25,,23,,33
mechdef_dart_DRT-4S,0,,0,,0,3051-01-01T00:00:00Z,17
mechdef_javelin_JVN-11B,0,,0,,0,3054-01-01T00:00:00Z,23
mechdef_hermes_HER-1B,4,,4,,3,,6
mechdef_firestarter_FS9-H,62,,56,,52,,54
mechdef_raptor_RTX1-O,0,,0,,0,3052-01-01T00:00:00Z,17
mechdef_valkyrie_VLK-QA,186,,155,,122,,54
mechdef_mongoose_MON-67,22,,20,,18,,9
mechdef_firestarter_FS9-S,0,,0,3049-01-01T00:00:00Z,6,,33
mechdef_firestarter_FS9-K,8,,8,,6,,6
mechdef_raptor_RTX1-OA,0,,0,,0,3052-01-01T00:00:00Z,4
mechdef_valkyrie_VLK-QD,0,,0,3049-01-01T00:00:00Z,18,,67
mechdef_firestarter_FS9-S1,0,,0,3049-01-01T00:00:00Z,6,,33
mechdef_javelin_JVN-10F,54,,50,,46,,0
mechdef_raven_RVN-2X,0,3030-01-01T00:00:00Z,8,,6,,0
mechdef_wolfhound_WLF-1,0,3028-01-15T00:00:00Z,20,,46,,0
mechdef_wolfhound_WLF-1A,0,3028-03-15T00:00:00Z,8,,8,,0
mechdef_wolfhound_WLF-1B,0,3028-03-15T00:00:00Z,8,,8,,0
mechdef_scarabus_SCB-9A,0,,0,,0,3053-01-01T00:00:00Z,23
mechdef_raptor_RTX1-OC,0,,0,,0,3052-01-01T00:00:00Z,4
mechdef_hollander_BZK-G1,0,,0,,0,3056-01-01T00:00:00Z,6
mechdef_scarabus_SCB-9T,0,,0,,0,3054-01-01T00:00:00Z,9
mechdef_hollander_BZK-F3,0,,0,,0,3054-01-01T00:00:00Z,23
mechdef_nighthawk_NTK-2Q,0,,0,,0,3050-01-01T00:00:00Z,6
mechdef_wolfhound_WLF-2,0,,0,,0,3052-01-01T00:00:00Z,33
mechdef_javelin_JVN-11A,0,,0,,0,3053-01-01T00:00:00Z,17
mechdef_spector_SPR-5F,0,,0,,0,3053-01-01T00:00:00Z,17
Mediums,,,,,,,
mechdef_clint_CLNT-2-4T,0,,0,,0,,0
mechdef_vulcan_VL-2T,0,,0,,0,,5
mechdef_cicada_CDA-2A,0,,5,,3,,8
mechdef_clint_CLNT-1-2R,0,,3,,3,,0
mechdef_assassin_ASN-21,4,,16,,15,,0
mechdef_assassin_ASN-101,3,,3,,3,,0
mechdef_assassin_ASN-23,0,,0,,0,3050-01-01T00:00:00Z,15
mechdef_clint_CLNT-2-3T,6,,6,,5,,15
mechdef_hatchetman_HCT-3F,2,,12,,10,,0
mechdef_shadowhawk_SHD-2D,63,,62,,59,,0
mechdef_blackjack_BJ-1DC,3,,3,,3,,0
mechdef_vulcan_VL-5S,0,,0,,0,3050-01-01T00:00:00Z,21
mechdef_vulcan_VL-5T,9,,9,,8,,8
mechdef_centurion_CN9-A,104,,102,,97,,49
mechdef_centurion_CN9-AH,9,,9,,8,,8
mechdef_blackjack_BJ-1,50,,50,,47,,5
mechdef_whitworth_WTH-1,22,,22,,20,,21
mechdef_trebuchet_TBT-5S,3,,3,,3,,0
mechdef_wyvern_WVE-6N,6,,6,,5,,7
mechdef_blackjack_BJ-1DB,3,,3,,3,,0
mechdef_enforcer_ENF-4R,141,,155,,146,,30
mechdef_hatchetman_HCT-5S,0,,0,,0,3050-01-01T00:00:00Z,49
mechdef_phoenixhawk_PXH-1,50,,50,,47,,21
mechdef_hunchback_HBK-4G,22,,22,,15,,15
mechdef_hunchback_HBK-4SP,0,3025-09-01T00:00:00Z,3,,5,,5
mechdef_nightsky_NGS-5S,0,,0,,0,3056-01-01T00:00:00Z,5
mechdef_shadowhawk_SHD-2D2,0,,0,3049-01-01T00:00:00Z,5,,49
mechdef_centurion_CN9-AL,9,,9,,8,,8
mechdef_shadowhawk_SHD-2H,31,,31,,26,,15
mechdef_hunchback_HBK-4H,3,,3,,3,,3
mechdef_phoenixhawk_PXH-1D,31,,31,,29,,30
mechdef_hunchback_HBK-4N,3,,3,,3,,3
mechdef_wolverine_WVR-6R,28,,28,,26,,21
mechdef_wolverine_WVR-6D,24,,22,,20,,15
mechdef_centurion_CN9-D,0,,0,,0,3049-01-01T00:00:00Z,49
mechdef_hunchback_HBK-4P,3,,3,,3,,3
mechdef_crab_CRB-20,9,,9,,8,,8
mechdef_hunchback_HBK-4J,3,,3,,3,,3
mechdef_dervish_DV-6M,63,,62,,59,,61
mechdef_nightsky_NGS-4S,0,,0,,0,3053-01-01T00:00:00Z,30
mechdef_kintaro_KTO-18,31,,16,,15,,15
mechdef_trebuchet_TBT-5N,16,,16,,15,,15
mechdef_bushwacker_BSW-X1,0,,0,,0,3053-01-01T00:00:00Z,5
mechdef_phoenixhawk_PXH-3S,0,,0,3042-01-01T00:00:00Z,20,,21
mechdef_enfield_END-6Q,0,,0,,0,3055-01-01T00:00:00Z,5
mechdef_blackjack_BJ-3,0,,0,3042-01-01T00:00:00Z,5,,5
mechdef_griffin_GRF-1N,198,,195,,158,,30
mechdef_griffin_GRF-1DS,0,,0,3049-01-01T00:00:00Z,10,,49
mechdef_nightsky_NGS-4T,0,,0,,0,3056-01-01T00:00:00Z,5
mechdef_enforcer_ENF-5D,0,,0,,0,3050-01-01T00:00:00Z,61
mechdef_wolverine_WVR-7D,0,,0,,0,3050-01-01T00:00:00Z,49
mechdef_phoenixhawk_PXH-3D,0,,0,3048-01-01T00:00:00Z,16,,61
mechdef_centurion_CN9-D3,0,,0,,0,3052-01-01T00:00:00Z,15
mechdef_trebuchet_TBT-7M,0,,0,3048-01-01T00:00:00Z,10,,5
mechdef_dervish_DV-7D,0,,0,3047-01-01T00:00:00Z,30,,61
mechdef_lynx_LNX-9Q,0,,0,,0,3056-01-01T00:00:00Z,8
mechdef_lynx_LNX-9R,0,,0,,0,3056-01-01T00:00:00Z,5
mechdef_hatchetman_HCT-3X,1,,4,,3,,3
mechdef_assassin_ASN-SB,3,,3,,3,,3
mechdef_rifleman_RFL-2N,3,,3,,3,,0
Heavies,,,,,,,
mechdef_jagermech_JM6-S,34,,51,,46,,6
mechdef_jagermech_JM6-DD,0,,0,3043-01-01T00:00:00Z,7,,51
mechdef_rifleman_RFL-3C,0,Jump:3026-01-01T00:00:00Z,4,,4,,0
mechdef_champion_CHP-2N,8,,7,,7,,9
mechdef_jagermech_JM6-A,8,,7,,7,,6
mechdef_rifleman_RFL-4D,4,,4,,4,,0
mechdef_quickdraw_QKD-4G,12,,11,,11,,9
mechdef_quickdraw_QKD-5A,4,,4,,4,,0
mechdef_merlin_MLN-1A,8,,7,,7,,0
mechdef_ostroc_OSR-2C,30,,28,,26,,16
mechdef_thunderbolt_TDR-5D,31,,28,,26,,21
mechdef_ostroc_OSR-2L,4,,4,,4,,0
mechdef_quickdraw_QKD-4H,4,,4,,4,,0
mechdef_ostsol_OTL-4F,4,,4,,4,,0
mechdef_ostsol_OTL-4D,68,,64,,60,,32
mechdef_ostroc_OSR-3C,4,,4,,4,,0
mechdef_orion_ON1-V,4,,4,,4,,0
mechdef_warhammer_WHM-6R,68,,64,,60,,51
mechdef_warhammer_WHM-6K,12,,11,,11,,10
mechdef_crusader_CRD-4D,0,,0,,0,3050-01-01T00:00:00Z,16
mechdef_cataphract_CTF-1X,0,3028-09-01T00:00:00Z,28,,26,,22
mechdef_crusader_CRD-3R,84,,80,,76,,22
mechdef_orion_ON1-VA,4,,4,,4,,0
mechdef_cataphract_CTF-3D,0,,0,,0,3050-01-01T00:00:00Z,16
mechdef_thunderbolt_TDR-5S,42,,40,,38,,30
mechdef_archer_ARC-2W,3,,3,,3,,3
mechdef_crusader_CRD-3D,30,,28,,26,,22
mechdef_cataphract_CTF-2X,0,3028-09-01T00:00:00Z,4,,4,,6
mechdef_archer_ARC-5S,0,,0,,0,3050-01-01T00:00:00Z,51
mechdef_marauder_MAD-3R,30,,28,,26,,9
mechdef_axman_AXM-1N,0,,0,3048-01-01T00:00:00Z,11,,32
mechdef_guillotine_GLT-4P,4,,4,,4,,0
mechdef_catapult_CPLT-C1,4,,4,,4,,0
mechdef_rifleman_RFL-5D,0,,0,,0,3050-01-01T00:00:00Z,64
mechdef_ostroc_OSR-2D,0,,0,,0,3050-01-01T00:00:00Z,16
mechdef_guillotine_GLT-4L,21,,20,,19,,16
mechdef_grasshopper_GHR-5H,28,,28,,25,,22
mechdef_orion_ON1-K,30,,28,,26,,22
mechdef_blackknight_BL-7-KNT,8,,7,,7,,6
mechdef_crusader_CRD-5S,0,,0,3049-01-01T00:00:00Z,7,,51
mechdef_catapult_CPLT-C4C,0,,0,,0,3055-01-01T00:00:00Z,16
mechdef_axman_AXM-2N,0,,0,3048-01-01T00:00:00Z,4,,9
mechdef_stalker_STK-4P,8,,7,,7,,6
mechdef_marauder_MAD-3D,42,,40,,38,,32
mechdef_warhammer_WHM-6D,37,,40,,23,,16
mechdef_archer_ARC-2R,165,,160,,147,,32
mechdef_warhammer_WHM-7S,0,,0,,0,3050-01-01T00:00:00Z,51
mechdef_thunderbolt_TDR-9S,0,,0,,0,3050-01-01T00:00:00Z,32
mechdef_grasshopper_GHR-5N,0,,0,3040-01-01T00:00:00Z,14,,9
mechdef_penetrator_PTR-4F,0,,0,,0,3056-01-01T00:00:00Z,6
mechdef_caesar_CES-3R,0,,0,3049-01-01T00:00:00Z,14,,51
mechdef_penetrator_PTR-4D,0,,0,,0,3053-01-01T00:00:00Z,16
mechdef_maelstrom_MTR-5K,0,,0,,0,3056-01-01T00:00:00Z,6
mechdef_gallowglas_GAL-1GLS,0,,0,,0,3055-01-01T00:00:00Z,9
mechdef_cestus_CTS-6Y,0,,0,,0,3055-01-01T00:00:00Z,6
mechdef_rakshasa_MDG-1B,0,,0,,0,3056-01-01T00:00:00Z,3
mechdef_marauder_MAD-5D,0,,0,3047-01-01T00:00:00Z,14,,32
mechdef_rakshasa_MDG-1A,0,,0,,0,3055-01-01T00:00:00Z,6
mechdef_gallowglas_GAL-2GLS,0,,0,,0,3055-01-01T00:00:00Z,6
mechdef_falconer_FLC-8R,0,,0,,0,3053-01-01T00:00:00Z,22
Assaults,,,,,,,
mechdef_victor_VTR-9A,0,,0,,0,,13
mechdef_victor_VTR-9A1,0,,0,,0,,13
mechdef_cyclops_CP-10-Z,26,,45,,36,,70
mechdef_longbow_LGB-0W,114,,111,,99,,49
mechdef_victor_VTR-9B,229,,222,,199,,35
mechdef_stalker_STK-5S,0,,0,,0,3050-01-01T00:00:00Z,112
mechdef_annihilator_ANH-1A,3,,3,,3,,3
mechdef_battlemaster_BLR-3S,0,,0,,0,3050-01-01T00:00:00Z,35
mechdef_goliath_GOL-1H,7,,7,,6,,13
mechdef_awesome_AWS-8R,7,,7,,6,,7
mechdef_striker_STC-2C,13,,13,,31,,35
mechdef_awesome_AWS-8V,7,,7,,6,,7
mechdef_battlemaster_BLR-1G,13,,13,,11,,13
mechdef_battlemaster_BLR-1D,20,,19,,17,,20
mechdef_cyclops_CP-11-A,0,,0,3045-01-01T00:00:00Z,6,,7
mechdef_cyclops_CP-11-C,0,,0,3049-12-01T00:00:00Z,6,,7
mechdef_stalker_STK-4N,7,,7,,6,,13
mechdef_stalker_STK-3F,71,,70,,62,,20
mechdef_cyclops_CP-10-Q,13,,13,,11,,7
mechdef_awesome_AWS-8T,7,,7,,6,,7
mechdef_awesome_AWS-8Q,71,,70,,99,,70
mechdef_longbow_LGB-7Q,71,,49,,44,,49
mechdef_stalker_STK-3H,11,,11,,6,,13
mechdef_zeus_ZEU-9S,0,,0,3048-01-01T00:00:00Z,41,,0
mechdef_victor_VTR-9D,0,,0,,0,3049-01-01T00:00:00Z,70
mechdef_atlas_AS7-A,26,,26,,22,,20
mechdef_kingcrab_KGC-0000,26,,26,,22,,13
mechdef_longbow_LGB-7V,0,,0,,0,3056-01-01T00:00:00Z,13
mechdef_awesome_AWS-9Ma,0,,0,,0,3051-01-01T00:00:00Z,35
mechdef_atlas_AS7-RS,26,,14,,12,,13
mechdef_devastator_DVS-1D,0,3036-01-01T00:00:00Z,14,,12,,0
mechdef_atlas_AS7-D,100,,98,,88,,13
mechdef_atlas_AS7-S,0,,0,,0,3050-01-01T00:00:00Z,49
mechdef_cerberus_MR-V2,0,,0,,0,3054-01-01T00:00:00Z,20
mechdef_banshee_BNC-5S,0,,0,,0,3053-01-01T00:00:00Z,49
mechdef_devastator_DVS-2,0,,0,3048-01-01T00:00:00Z,12,,70
mechdef_cyclops_CP-10-HQ,14,,14,,12,,20
mechdef_battlemaster_BLR-1G-DC,3,,3,,3,,3
mechdef_nightstar_NSR-10C,7,,7,,7,,7
mechdef_marauderII_MAD-4A,3,,3,,3,,3
mechdef_marauderII_MAD-5A,0,,0,3049-01-01T00:00:00Z,3,,3
mechdef_marauderII_MAD-5B,0,,0,3050-01-01T00:00:00Z,3,,3
mechdef_marauderII_MAD-5C,0,,0,3052-01-01T00:00:00Z,3,,3
mechdef_pillager_PLG-1N,0,,0,,0,,10