{
    "Category" : "Missile",
    "Type" : "LRM",
    "WeaponSubType" : "LRM20",
    "MinRange" : 180,
    "MaxRange" : 630,
    "RangeSplit" : [
        420,
        420,
        630
    ],
    "AmmoCategory" : "LRM",
    "StartingAmmoCapacity" : 0,
    "HeatGenerated" : 20,
    "Damage" : 6,
    "OverheatedDamageMultiplier" : 0,
    "EvasiveDamageMultiplier" : 0,
    "EvasivePipsIgnored" : 0,
    "DamageVariance" : 0,
    "HeatDamage" : 0,
    "AccuracyModifier" : -1,
    "CriticalChanceMultiplier" : 1,
    "AOECapable" : false,
    "IndirectFireCapable" : true,
    "RefireModifier" : 0,
    "ShotsWhenFired" : 20,
    "ProjectilesPerShot" : 1,
    "AttackRecoil" : 1,
    "Instability" : 2,
    "WeaponEffectID" : "WeaponEffect-Weapon_LRM20",
    "Description" : {
        "Cost" : 480000,
        "Rarity" : 3,
        "Purchasable" : true,
        "Manufacturer" : "Zeus",
        "Model" : "Long-Range Missile Launcher",
        "UIName" : "Artemis IV LRM20 + + +",
        "Id" : "Weapon_LRM_ALRM20_3-Delta",
        "Name" : "Artemis IV LRM20 + + +",
        "Details" : "Often found as the secondary weapon on heavier units, LRM20 racks of Long-Range Missiles can deal decent damage while a unit closes range, but they chew through ammunition. Like all LRMs, LRM20s are capable of indirect fire over obstacles and terrain with the benefit of a spotter unit. Artemis IV FCS is a guidance system that utilizes an infrared laser designator and tight-beam microwave transmitter which improves the grouping of LRMs.",
        "Icon" : "uixSvgIcon_weapon_Missile"
    },
    "BonusValueA" : "+ 2 Dmg.",
    "BonusValueB" : "- 1 Slot",
    "ComponentType" : "Weapon",
    "ComponentSubType" : "Weapon",
    "PrefabIdentifier" : "srm20",
    "BattleValue" : 0,
    "InventorySize" : 4,
    "Tonnage" : 11,
    "AllowedLocations" : "All",
    "DisallowedLocations" : "All",
    "CriticalComponent" : false,
    "statusEffects" : [
        
    ],
    "ComponentTags" : {
        "items" : [
            "component_type_variant",
            "component_type_variant3",
            "component_type_lostech",
            "range_extreme",
            "component_artemis"
        ],
        "tagSetSourceFile" : ""
    }
}
