{
  "Description": {
    "Cost": 4235000,
    "Rarity": 5,
    "Purchasable": true,
    "Manufacturer": "",
    "Model": "",
    "UIName": "Phoenix",
    "Id": "chassisdef_phoenix_PX-3R",
    "Name": "Phoenix",
    "Details": "The Phoenix was the Rim Worlds Republic's first effort to design a jump-capable BattleMech designed and produced by Krauss-Liemann Incorporated. Terens Amaris was convinced that the Wasp and its jump jets heralded a sea-change in tactics and was determined to build a 'Mech larger than the Wasp that incorporated them. Unfortunately, the Republic lacked jump jets, so the project stalled while technicians reverse-engineered the technology. No other power produced or salvaged the Phoenix and it was believed to have become extinct following Aleksandr Kerensky's conquest of the Rim Worlds Republic.",
    "Icon": "uixTxrIcon_phoenix"
  },
  "MovementCapDefID": "movedef_griffin_GRF-1N",
  "PathingCapDefID": "pathingdef_medium",
  "HardpointDataDefID": "hardpointdatadef_phoenix",
  "PrefabIdentifier": "chrprfmech_phoenixbase-001",
  "PrefabBase": "phoenix",
  "Tonnage": 50,
  "InitialTonnage": 23.5,
  "weightClass": "MEDIUM",
  "BattleValue": 4124000,
  "Heatsinks": 0,
  "TopSpeed": 65,
  "TurnRadius": 90,
  "MaxJumpjets": 5,
  "Stability": 130,
  "StabilityDefenses": [
    0,
    0,
    0,
    0,
    0,
    0
  ],
  "SpotterDistanceMultiplier": 1,
  "VisibilityMultiplier": 1,
  "SensorRangeMultiplier": 1,
  "Signature": 0,
  "Radius": 5,
  "PunchesWithLeftArm": true,
  "MeleeDamage": 70,
  "MeleeInstability": 50,
  "MeleeToHitModifier": 0,
  "DFADamage": 65,
  "DFAToHitModifier": 0,
  "DFASelfDamage": 65,
  "DFAInstability": 65,
  "Locations": [
    {
      "Location": "Head",
      "Hardpoints": [
        {
          "WeaponMount": "AntiPersonnel",
          "Omni": false
        }
      ],
      "Tonnage": 0,
      "InventorySlots": 1,
      "MaxArmor": 45,
      "MaxRearArmor": -1,
      "InternalStructure": 16
    },
    {
      "Location": "LeftArm",
      "Hardpoints": [],
      "Tonnage": 0,
      "InventorySlots": 8,
      "MaxArmor": 80,
      "MaxRearArmor": -1,
      "InternalStructure": 40
    },
    {
      "Location": "LeftTorso",
      "Hardpoints": [
        {
          "WeaponMount": "Missile",
          "Omni": false
        },
        {
          "WeaponMount": "Missile",
          "Omni": false
        }
      ],
      "Tonnage": 0,
      "InventorySlots": 10,
      "MaxArmor": 120,
      "MaxRearArmor": 60,
      "InternalStructure": 60
    },
    {
      "Location": "CenterTorso",
      "Hardpoints": [
        {
          "WeaponMount": "Energy",
          "Omni": false
        }
      ],
      "Tonnage": 0,
      "InventorySlots": 4,
      "MaxArmor": 160,
      "MaxRearArmor": 80,
      "InternalStructure": 80
    },
    {
      "Location": "RightTorso",
      "Hardpoints": [],
      "Tonnage": 0,
      "InventorySlots": 10,
      "MaxArmor": 120,
      "MaxRearArmor": 60,
      "InternalStructure": 60
    },
    {
      "Location": "RightArm",
      "Hardpoints": [
        {
          "WeaponMount": "Energy",
          "Omni": false
        }
      ],
      "Tonnage": 0,
      "InventorySlots": 8,
      "MaxArmor": 80,
      "MaxRearArmor": -1,
      "InternalStructure": 40
    },
    {
      "Location": "LeftLeg",
      "Hardpoints": [],
      "Tonnage": 0,
      "InventorySlots": 4,
      "MaxArmor": 120,
      "MaxRearArmor": -1,
      "InternalStructure": 60
    },
    {
      "Location": "RightLeg",
      "Hardpoints": [],
      "Tonnage": 0,
      "InventorySlots": 4,
      "MaxArmor": 120,
      "MaxRearArmor": -1,
      "InternalStructure": 60
    }
  ],
  "LOSSourcePositions": [
    {
      "x": 0,
      "y": 14,
      "z": 1
    },
    {
      "x": 4,
      "y": 13,
      "z": 0
    },
    {
      "x": -4,
      "y": 13,
      "z": 0
    }
  ],
  "LOSTargetPositions": [
    {
      "x": 0,
      "y": 14,
      "z": 1
    },
    {
      "x": 4,
      "y": 13,
      "z": 0
    },
    {
      "x": -4,
      "y": 13,
      "z": 0
    },
    {
      "x": 3,
      "y": 5,
      "z": 2
    },
    {
      "x": -3,
      "y": 5,
      "z": 2
    }
  ],
  "VariantName": "PX-3R",
  "ChassisTags": {
    "items": [
      "mech_quirk_nonstandardparts",
      "mech_quirk_weaklegs"
    ],
    "tagSetSourceFile": ""
  },
  "StockRole": "Skirmisher",
  "YangsThoughts": "The original model of the Phoenix 'Mech, it was once very common in the Rim Worlds Republic, but now it is considered lost. As you can see, not quite - several copies have survived to this day. Not a bad machine: it has good armor, cooling and mobility, but there are problems with the design of the legs, besides, the armament for fifty tons should be more powerful. And maintaining it these days isn't easy either.",
  "FixedEquipment": []
}