{
    "StatName" : null,
    "RelativeModifier" : 0,
    "AbsoluteModifier" : 0,
    "Description" : {
        "Cost" : 34500,
        "Rarity" : 99,
        "Purchasable" : false,
        "Manufacturer" : "Varied",
        "Model" : "Endo Steel / Ferro-Fibrous",
        "UIName" : "Endo Steel / Ferro-Fibrous",
        "Id" : "Gear_EndoFerroCombo_6_Slot",
        "Name" : "Endo Steel / Ferro-Fibrous",
        "Details" : "Endo Steel was designed especially for use in BattleMech skeletons. Using zero-G manufacturing techniques that uniformly mix high-density steel with lower-density titanium and aluminum, the process produces a metal twice as strong per unit of weight as standard skeleton materials thus halving the weight of the chassis, but at an increase in overall bulk.  Utilizing a weave of ferro-steel, ferro-titanium, and diamond weave fibers which boosts the tensile strength of the plating, Ferro-Fibrous Armor provides a 12% increase in protection per ton over standard armor, but takes up more space on the 'Mech or vehicle.",
        "Icon" : "uixSvgIcon_special_Equipment"
    },
    "BonusValueA" : "Saves Weight",
    "BonusValueB" : "Takes Spaces",
    "ComponentType" : "Upgrade",
    "ComponentSubType" : "NotSet",
    "PrefabIdentifier" : "",
    "BattleValue" : 0,
    "InventorySize" : 8,
    "Tonnage" : 0,
    "AllowedLocations" : "All",
    "DisallowedLocations" : "All",
    "CriticalComponent" : false,
    "statusEffects" : [],
    "ComponentTags" : {
        "items" : [
			"BUILT-IN"
        ],
        "tagSetSourceFile" : ""
    }
}
