Mediums,,,,,
mechdef_hoplite_HOP-4A,57,,57,,57
mechdef_hoplite_HOP-4B,57,,57,,57
mechdef_hoplite_HOP-4D,0,,0,3050-01-01T00:00:00Z,57
mechdef_wyvern_WVE-5Nsl,43,,43,,43
mechdef_galahad_GLH-1D,39,,39,,39
mechdef_phoenixhawk_PXH-1bC,0,,0,3052-01-01T00:00:00Z,3
mechdef_shadowhawk_SHD-2Ht,0,,0,3052-01-01T00:00:00Z,33
Heavies,,,,,
mechdef_crusader_CRD-1R,52,,52,,52
mechdef_archer_ARC-5CS,0,,0,3052-01-01T00:00:00Z,14
mechdef_marauder_MAD-5CS,0,,0,3052-01-01T00:00:00Z,19
mechdef_rifleman_RFL-5CS,0,,0,3052-01-01T00:00:00Z,5
mechdef_warhammer_WHM-7CS,0,,0,3052-01-01T00:00:00Z,19
Assaults,,,,,
mechdef_pillager_PLG-1N,3,,3,,3