{
    "Description" : {
        "Id" : "event_co_oldtimer",
        "Name" : "Oldtimer",
        "Details" : "You are finishing your next mug of coffee during your evening watch on the bridge and chatting with Sumire when Renauld Yamaguchi, your Kuritan contact, unexpectedly gets in touch with you:\r\n\r\n\"Commander {COMMANDER.LastName}, it is fortunate we have met again. I have a business proposal for you, and I assure you that it will interest you\", he says, while filling a pot-bellied glass.\r\n\r\n\"Hello Bob. Something urgent?\", you ask.\r\n\r\nHe takes a long sip of wine and is silent for a while as he gathers his thoughts.\r\n\r\n\"No. It’s a personal matter. An old friend of mine, Philip Ranges, recently passed away in a car accident. He was a MechWarrior and owner of one of the very few surviving [[DM.BaseDescriptionDefs[LoreWarhammer6Rk],Warhammer WHM-6Rk]] BattleMechs. It’s a real old timer.\"\r\n\r\n\"Philip commanded a small mercenary unit and was not a member of the DCMS, so this ‘Mech belongs to his family, but the Ranges family refused to continue the family tradition and wants to sell the Warhammer in return for C-Bills. Usually I don't make such offers to mercenaries, especially since the WHM-6Rk is equipped with lostech and Luthien would be very interested in acquiring it. But you have repeatedly helped House Kurita in solving some very specific problems, so I will give you the opportunity of buying this ‘Mech, if you want.\"\r\n\r\n\"Unfortunately\", he continues, \"I cannot give a discount: the family is selling it at cost, so they want 21,200,000 C-Bills. If you refuse, I’ll understand - this is an expensive venture. Just keep in mind that the entire amount will go to the Ranges family. What do you think?\"",
        "Icon" : "uixTxrSpot_IncomingTransimission"
    },
    "Scope" : "Company",
    "Weight" : 10,
    "Requirements" : {
        "Scope" : "Company",
        "RequirementTags" : {
            "tagSetSourceFile" : "Tags/CompanyTags",
            "items" : [
                "flashpoint_defector_a",
                "flashpoint_longHunt_c"
            ]
        },
        "ExclusionTags" : {
            "tagSetSourceFile" : "Tags/CompanyTags",
            "items" : [
                "event_co_oldtimer_finished"
            ]
        },
        "RequirementComparisons" : [
                        {
                            "obj" : "Reputation.Kurita",
                            "op" : "GreaterThanOrEqual",
                            "val" : 80,
                            "valueConstant" : "[rep_liked_min]"
                        }
                    ]
    },
    "AdditionalRequirements" : [],
    "AdditionalObjects" : [],
    "Options" : [
        {
            "Description" : {
                "Id" : "outcome_0",
                "Name" : "Agree and buy the BattleMech for 21,200,000 C-Bills.",
                "Details" : "Option 1",
                "Icon" : null
            },
            "RequirementList" : [],
            "ResultSets" : [
                {
                    "Description" : {
                        "Id" : "outcome_0_0",
                        "Name" : "Fly now.",
                        "Details" : "You exchange a glance with Sumire, who doesn't seem happy with the expense. But she shrugs her shoulders, leaving the decision to you. You consider that it’s unlikely that you will have another opportunity to get such a machine, so, after a little more thought, you nod in agreement. \"This is incredibly expensive, but I agree. We’ll buy their Warhammer. When can we pick it up?\"\r\n\r\n\"It will be delivered to you as soon as possible, Commander, don’t worry. I will send all the documentation for payment and the transfer of the BattleMech to you.\"\r\n\r\nHe gives you a warm smile. \"And you know… I'm glad Philip's machine is in good hands. This ‘Mech has a long and rich history, and I hope it serves you well.\" Renauld salutes you with a glass of cholobara.",
                        "Icon" : null
                    },
                    "Weight" : 100,
                    "Results" : [
                        {
                            "Scope" : "Company",
                            "Requirements" : null,
                            "AddedTags" : {
                                "tagSetSourceFile" : "Tags/CompanyTags",
                                "items" : [
                                    "event_co_oldtimer_finished"
                                ]
                            },
                            "RemovedTags" : {
                                "tagSetSourceFile" : "",
                                "items" : []
                            },
                            "Stats" :  [
                                {
                                    "typeString" : "System.Int32",
                                    "name" : "Funds",
                                    "value" : "-21200000",
                                    "set" : false,
                                    "valueConstant" : null
                                }
                            ],
                            "Actions" : [
				{
				    "Type" : "Mech_AddRoster",
				    "value" : "mechdef_warhammer_WHM-6Rk_FR",
				    "valueConstant" : null,
				    "additionalValues" : null
				}
                            ],
                            "ForceEvents" : null,
                            "TemporaryResult" : false,
                            "ResultDuration" : 0
                        }
                    ]
                }
            ],
            "Requirements" : {
                "Scope" : "Company",
                "RequirementTags" : {
                    "tagSetSourceFile" : "",
                    "items" : []
                },
                "ExclusionTags" : {
                    "tagSetSourceFile" : "",
                    "items" : []
                },
                "RequirementComparisons" : []
            }
        },
        {
            "Description" : {
                "Id" : "outcome_1",
                "Name" : "Reject Renauld's proposal.",
                "Details" : "Everything turned on.",
                "Icon" : null
            },
            "RequirementList" : [],
            "ResultSets" : [
                {
                    "Description" : {
                        "Id" : "outcome_1_0",
                        "Name" : "Fly later.",
                        "Details" : "Having estimated how much money is now in your unit's account, you sigh heavily and answer:\r\n\r\n\"We can't, Bob. It’s too expensive. We don't have that kind of money.\"\r\n\r\nRenauld gives you a knowing grin. \"Yes, the prices for lostech have always been biting,\" he says. \"Well then, I'll post the offer to Luthien. Goodbye, Commander. If the Draconis Combine needs your talents again, I'll let you know.\"",
                        "Icon" : null
                    },
                    "Weight" : 100,
                    "Results" : [
                        {
                            "Scope" : "Company",
                            "Requirements" : null,
                            "AddedTags" : {
                                "tagSetSourceFile" : "Tags/CompanyTags",
                                "items" : [
                                    "event_co_oldtimer_finished"
                                ]
                            },
                            "RemovedTags" : {
                                "tagSetSourceFile" : "",
                                "items" : []
                            },
                            "Stats" : null,
                            "Actions" : [],
                            "ForceEvents" : null,
                            "TemporaryResult" : false,
                            "ResultDuration" : 0
                        }
                    ]
                }
            ],
            "Requirements" : {
                "Scope" : "Company",
                "RequirementTags" : {
                    "tagSetSourceFile" : "",
                    "items" : []
                },
                "ExclusionTags" : {
                    "tagSetSourceFile" : "",
                    "items" : []
                },
                "RequirementComparisons" : []
            }
        }
    ],
    "PublishState" : "PUBLISHED",
    "ValidationState" : "UNTESTED",
    "EventType" : "UNSELECTABLE",
    "OneTimeEvent" : false,
    "Tags" : {
        "tagSetSourceFile" : "tags/EventTags",
        "items" : []
    }
}