LiaoC,,,
Salvage:Davion,25,,25
Salvage:Marik,35,,35
Dates,3050-01-01T00:00:00Z,,3057-01-01T00:00:00Z
Lights,,,
mechdef_wasp_WSP-1L,82,,82
mechdef_stinger_STG-3R,82,,82
mechdef_wasp_WSP-1A,82,,82
mechdef_locust_LCT-1V,66,,66
mechdef_locust_LCT-3V,7,,7
mechdef_stinger_STG-3G,41,,41
mechdef_flea_FLE-17,66,,66
mechdef_locust_LCT-1E,41,,41
mechdef_javelin_JVN-10N,21,,21
mechdef_hermes_HER-1A,12,,12
mechdef_falcon_FLC-4N,12,,12
mechdef_spider_SDR-5V,29,,29
mechdef_raven_RVN-1X,29,,29
mechdef_hermes_HER-1B,12,,12
mechdef_raven_RVN-3X,12,,12
mechdef_firestarter_FS9-H,66,,66
mechdef_raven_RVN-3L,66,,66
mechdef_mongoose_MON-67,12,,12
mechdef_raven_RVN-4X,82,,82
mechdef_javelin_JVN-10F,4,,4
Mediums,,,
mechdef_clint_CLNT-2-4T,5,,5
mechdef_vulcan_VL-2T,5,,5
mechdef_cicada_CDA-2A,15,,15
mechdef_clint_CLNT-1-2R,5,,5
mechdef_clint_CLNT-2-3T,9,,9
mechdef_vulcan_VL-5T,5,,5
mechdef_centurion_CN9-A,5,,5
mechdef_vindicator_VND-1AA,9,,9
mechdef_whitworth_WTH-1,15,,15
mechdef_trebuchet_TBT-5S,5,,5
mechdef_wyvern_WVE-6N,5,,5
mechdef_vindicator_VND-1R,259,,259
mechdef_phoenixhawk_PXH-1,104,,104
mechdef_hunchback_HBK-4G,36,,36
mechdef_hunchback_HBK-4SP,9,,9
mechdef_shadowhawk_SHD-2H,52,,52
mechdef_hunchback_HBK-4H,5,,5
mechdef_hunchback_HBK-4N,5,,5
mechdef_wolverine_WVR-6R,83,,83
mechdef_vindicator_VND-3L,0,3051-01-01T00:00:00Z,26
mechdef_hunchback_HBK-4P,5,,5
mechdef_crab_CRB-20,5,,5
mechdef_hunchback_HBK-4J,5,,5
mechdef_dervish_DV-6M,15,,15
mechdef_trebuchet_TBT-5N,36,,36
mechdef_griffin_GRF-1N,83,,83
Heavies,,,
mechdef_jagermech_JM6-S,31,,31
mechdef_quickdraw_QKD-4G,6,,6
mechdef_quickdraw_QKD-5A,6,,6
mechdef_merlin_MLN-1A,17,,17
mechdef_ostroc_OSR-2C,11,,11
mechdef_ostroc_OSR-2L,6,,6
mechdef_quickdraw_QKD-4H,6,,6
mechdef_ostsol_OTL-4D,30,,30
mechdef_catapult_CPLT-A1,6,,6
mechdef_ostroc_OSR-3C,6,,6
mechdef_crusader_CRD-3L,120,,120
mechdef_orion_ON1-V,6,,6
mechdef_warhammer_WHM-6R,42,,42
mechdef_warhammer_WHM-6L,17,,17
mechdef_cataphract_CTF-1X,120,,120
mechdef_crusader_CRD-3R,30,,30
mechdef_orion_ON1-VA,6,,6
mechdef_thunderbolt_TDR-5S,60,,60
mechdef_cataphract_CTF-2X,198,,198
mechdef_marauder_MAD-3R,11,,11
mechdef_catapult_CPLT-C3,6,,6
mechdef_marauder_MAD-3L,11,,11
mechdef_catapult_CPLT-C1,17,,17
mechdef_guillotine_GLT-4L,11,,11
mechdef_thunderbolt_TDR-5SE,3,,3
mechdef_grasshopper_GHR-5H,17,,17
mechdef_orion_ON1-K,30,,30
mechdef_stalker_STK-4P,11,,11
mechdef_archer_ARC-2R,42,,42
Assaults,,,
mechdef_victor_VTR-9A,12,,12
mechdef_victor_VTR-9A1,12,,12
mechdef_cyclops_CP-10-Z,12,,12
mechdef_longbow_LGB-0W,45,,45
mechdef_victor_VTR-9B,320,,320
mechdef_awesome_AWS-8R,12,,12
mechdef_awesome_AWS-8V,12,,12
mechdef_battlemaster_BLR-1G,45,,45
mechdef_cyclops_CP-11-A,6,,6
mechdef_cyclops_CP-11-C,6,,6
mechdef_stalker_STK-4N,6,,6
mechdef_stalker_STK-3F,102,,102
mechdef_cyclops_CP-10-Q,32,,32
mechdef_awesome_AWS-8T,12,,12
mechdef_awesome_AWS-8Q,64,,64
mechdef_longbow_LGB-7Q,12,,12
mechdef_stalker_STK-3H,6,,6
mechdef_highlander_HGN-733,128,,128
mechdef_pillager_PLG-1N,9,,9