{
  "ChassisID": "chassisdef_rifleman_RFL-5CS",
  "HeraldryID": null,
  "Description": {
    "Cost": 14080000,
    "Rarity": 1,
    "Purchasable": true,
    "Manufacturer": null,
    "Model": null,
    "UIName": "Rifleman RFL-5CS",
    "Id": "mechdef_rifleman_RFL-5CS",
    "Name": "Rifleman",
    "Details": "Effectively a flawed compromise combination of the RFL-3C's armor profile, the RFL-5M's weaponry and a larger Vlar 300 XL from the Clanbuster cache, the RFL-5CS was hurriedly developed for the Battle of Tukayyid by ComStar. An attempt to enhance the Riflemans endurance, the RFL-5CS's higher speed of 86 km/h allows it to more easily redeploy, where the swap to Imperator Ultra Autocannon/5s and an extra ton of reloads keep in the fight longer, ten double heat sinks able to deal with the heat generated by the UAC5 and the retained Large Lasers. While highly successful if properly supported and screened by short-ranged escorts, unfortunately only a modest increase of armor and removal of any supporting weaponry meant that isolated RFL-5CSs became easy prey for targeted fire against their arms or headhunter Elemental teams.",
    "Icon": "uixTxrIcon_rifleman"
  },
  "simGameMechPartCost": 1408000,
  "Version": 1,
  "Locations": [
    {
      "DamageLevel": "Functional",
      "Location": "Head",
      "CurrentArmor": 45,
      "CurrentRearArmor": -1,
      "CurrentInternalStructure": 16,
      "AssignedArmor": 45,
      "AssignedRearArmor": -1
    },
    {
      "DamageLevel": "Functional",
      "Location": "LeftArm",
      "CurrentArmor": 75,
      "CurrentRearArmor": -1,
      "CurrentInternalStructure": 50,
      "AssignedArmor": 75,
      "AssignedRearArmor": -1
    },
    {
      "DamageLevel": "Functional",
      "Location": "LeftTorso",
      "CurrentArmor": 75,
      "CurrentRearArmor": 20,
      "CurrentInternalStructure": 70,
      "AssignedArmor": 75,
      "AssignedRearArmor": 20
    },
    {
      "DamageLevel": "Functional",
      "Location": "CenterTorso",
      "CurrentArmor": 110,
      "CurrentRearArmor": 35,
      "CurrentInternalStructure": 100,
      "AssignedArmor": 110,
      "AssignedRearArmor": 35
    },
    {
      "DamageLevel": "Functional",
      "Location": "RightTorso",
      "CurrentArmor": 75,
      "CurrentRearArmor": 20,
      "CurrentInternalStructure": 70,
      "AssignedArmor": 75,
      "AssignedRearArmor": 20
    },
    {
      "DamageLevel": "Functional",
      "Location": "RightArm",
      "CurrentArmor": 75,
      "CurrentRearArmor": -1,
      "CurrentInternalStructure": 50,
      "AssignedArmor": 75,
      "AssignedRearArmor": -1
    },
    {
      "DamageLevel": "Functional",
      "Location": "LeftLeg",
      "CurrentArmor": 75,
      "CurrentRearArmor": -1,
      "CurrentInternalStructure": 70,
      "AssignedArmor": 75,
      "AssignedRearArmor": -1
    },
    {
      "DamageLevel": "Functional",
      "Location": "RightLeg",
      "CurrentArmor": 75,
      "CurrentRearArmor": -1,
      "CurrentInternalStructure": 70,
      "AssignedArmor": 75,
      "AssignedRearArmor": -1
    }
  ],
  "inventory": [
    {
      "MountedLocation": "RightArm",
      "ComponentDefID": "Weapon_Autocannon_UAC5_NU_0-STOCK",
      "SimGameUID": null,
      "ComponentDefType": "Weapon",
      "HardpointSlot": 0,
      "GUID": null,
      "DamageLevel": "Functional",
      "prefabName": null,
      "hasPrefabName": false
    },
    {
      "MountedLocation": "RightArm",
      "ComponentDefID": "Weapon_Laser_LargeLaser_0-STOCK",
      "SimGameUID": null,
      "ComponentDefType": "Weapon",
      "HardpointSlot": 0,
      "GUID": null,
      "DamageLevel": "Functional",
      "prefabName": null,
      "hasPrefabName": false
    },
    {
      "MountedLocation": "LeftArm",
      "ComponentDefID": "Weapon_Autocannon_UAC5_NU_0-STOCK",
      "SimGameUID": null,
      "ComponentDefType": "Weapon",
      "HardpointSlot": 0,
      "GUID": null,
      "DamageLevel": "Functional",
      "prefabName": null,
      "hasPrefabName": false
    },
    {
      "MountedLocation": "LeftArm",
      "ComponentDefID": "Weapon_Laser_LargeLaser_0-STOCK",
      "SimGameUID": null,
      "ComponentDefType": "Weapon",
      "HardpointSlot": 0,
      "GUID": null,
      "DamageLevel": "Functional",
      "prefabName": null,
      "hasPrefabName": false
    },
    {
      "MountedLocation": "LeftTorso",
      "ComponentDefID": "Ammo_AmmunitionBox_Generic_AC5",
      "SimGameUID": null,
      "ComponentDefType": "AmmunitionBox",
      "HardpointSlot": -1,
      "GUID": null,
      "DamageLevel": "Functional",
      "prefabName": null,
      "hasPrefabName": false
    },
    {
      "MountedLocation": "RightTorso",
      "ComponentDefID": "Ammo_AmmunitionBox_Generic_AC5",
      "SimGameUID": null,
      "ComponentDefType": "AmmunitionBox",
      "HardpointSlot": -1,
      "GUID": null,
      "DamageLevel": "Functional",
      "prefabName": null,
      "hasPrefabName": false
    }
  ],
  "MechTags": {
    "items": [
      "unit_mech",
      "unit_heavy",
      "unit_range_long",
      "unit_speed_low",
      "unit_lance_support",
      "unit_role_sniper",
      "unit_release",
      "unit_LosTech"
    ],
    "tagSetSourceFile": ""
  }
}