{
    "MechTags": {
        "items": [
            "unit_mech",
            "unit_heavy",
            "unit_range_medium",
            "unit_armor_high",
            "unit_lance_tank",
            "unit_role_brawler",
            "unit_release",
	    "unit_LosTech"
        ],
        "tagSetSourceFile": ""
    },
    "ChassisID": "chassisdef_shootist_ST-8A",
    "HeraldryID": null,
    "Description": {
        "Cost": 10765000,
        "Rarity": 5,
        "Purchasable": true,
        "Manufacturer": null,
        "Model": null,
        "UIName": "Shootist",
        "Id": "mechdef_shootist_ST-8A",
        "Name": "Shootist",
        "Details": "The Shootist first saw service in 2621 as a heavily armored, electronic warfare-capable command 'Mech for SLDF Royal BattleMech Regiments. However, the Shootist's upgraded electronic suites proved no match for the cutting edge of electronic warfare of its own time. When the BattleMaster eclipsed the Shootist in its intended role as a command vehicle merely ten years after its introduction, the SLDF changed the Shootist's mission parameters. The Shootist's balanced mix of weapons and speed along with its heavy armor allowed it a new role: juggernaut for close-combat heavy lances. Later it found further use as a bodyguard unit for command lances. However, this role did not prove favorable to the longevity of the Shootist.",
        "Icon": "uixTxrIcon_shootist"
    },
    "simGameMechPartCost": 1076500,
    "Version": 1,
    "Locations": [
        {
            "DamageLevel": "Functional",
            "Location": "Head",
            "CurrentArmor": 45,
            "CurrentRearArmor": -1,
            "CurrentInternalStructure": 16,
            "AssignedArmor": 45,
            "AssignedRearArmor": -1
        },
        {
            "DamageLevel": "Functional",
            "Location": "LeftArm",
            "CurrentArmor": 110,
            "CurrentRearArmor": -1,
            "CurrentInternalStructure": 55,
            "AssignedArmor": 110,
            "AssignedRearArmor": -1
        },
        {
            "DamageLevel": "Functional",
            "Location": "LeftTorso",
            "CurrentArmor": 120,
            "CurrentRearArmor": 25,
            "CurrentInternalStructure": 75,
            "AssignedArmor": 120,
            "AssignedRearArmor": 25
        },
        {
            "DamageLevel": "Functional",
            "Location": "CenterTorso",
            "CurrentArmor": 170,
            "CurrentRearArmor": 50,
            "CurrentInternalStructure": 110,
            "AssignedArmor": 170,
            "AssignedRearArmor": 50
        },
        {
            "DamageLevel": "Functional",
            "Location": "RightTorso",
            "CurrentArmor": 120,
            "CurrentRearArmor": 25,
            "CurrentInternalStructure": 75,
            "AssignedArmor": 120,
            "AssignedRearArmor": 25
        },
        {
            "DamageLevel": "Functional",
            "Location": "RightArm",
            "CurrentArmor": 110,
            "CurrentRearArmor": -1,
            "CurrentInternalStructure": 55,
            "AssignedArmor": 110,
            "AssignedRearArmor": -1
        },
        {
            "DamageLevel": "Functional",
            "Location": "LeftLeg",
            "CurrentArmor": 150,
            "CurrentRearArmor": -1,
            "CurrentInternalStructure": 75,
            "AssignedArmor": 150,
            "AssignedRearArmor": -1
        },
        {
            "DamageLevel": "Functional",
            "Location": "RightLeg",
            "CurrentArmor": 150,
            "CurrentRearArmor": -1,
            "CurrentInternalStructure": 75,
            "AssignedArmor": 150,
            "AssignedRearArmor": -1
        }
    ],
    "inventory": [
        {
            "MountedLocation": "Head",
            "ComponentDefID": "Weapon_Laser_SmallLaser_0-STOCK",
            "SimGameUID": null,
            "ComponentDefType": "Weapon",
            "HardpointSlot": 0,
            "GUID": null,
            "DamageLevel": "Functional",
            "prefabName": null,
            "hasPrefabName": false
        },
        {
            "MountedLocation": "LeftArm",
            "ComponentDefID": "Weapon_Autocannon_AC20_0-STOCK",
            "SimGameUID": null,
            "ComponentDefType": "Weapon",
            "HardpointSlot": 0,
            "GUID": null,
            "DamageLevel": "Functional",
            "prefabName": null,
            "hasPrefabName": false
        },
        {
            "MountedLocation": "LeftTorso",
            "ComponentDefID": "Ammo_AmmunitionBox_Generic_AC20",
            "SimGameUID": null,
            "ComponentDefType": "AmmunitionBox",
            "HardpointSlot": -1,
            "GUID": null,
            "DamageLevel": "Functional",
            "prefabName": null,
            "hasPrefabName": false
        },
        {
            "MountedLocation": "LeftTorso",
            "ComponentDefID": "Ammo_AmmunitionBox_Generic_AC20",
            "SimGameUID": null,
            "ComponentDefType": "AmmunitionBox",
            "HardpointSlot": -1,
            "GUID": null,
            "DamageLevel": "Functional",
            "prefabName": null,
            "hasPrefabName": false
        },
        {
            "MountedLocation": "LeftTorso",
            "ComponentDefID": "Gear_HeatSink_Generic_Double",
            "SimGameUID": null,
            "ComponentDefType": "HeatSink",
            "HardpointSlot": -1,
            "GUID": null,
            "DamageLevel": "Functional",
            "prefabName": null,
            "hasPrefabName": false
        },
        {
            "MountedLocation": "LeftTorso",
            "ComponentDefID": "Gear_HeatSink_Generic_Double",
            "SimGameUID": null,
            "ComponentDefType": "HeatSink",
            "HardpointSlot": -1,
            "GUID": null,
            "DamageLevel": "Functional",
            "prefabName": null,
            "hasPrefabName": false
        },
        {
            "MountedLocation": "CenterTorso",
            "ComponentDefID": "Weapon_Laser_MediumLaserPulse_Sa_0-STOCK",
            "SimGameUID": null,
            "ComponentDefType": "Weapon",
            "HardpointSlot": 0,
            "GUID": null,
            "DamageLevel": "Functional",
            "prefabName": null,
            "hasPrefabName": false
        },
        {
            "MountedLocation": "RightTorso",
            "ComponentDefID": "Weapon_Laser_LargeLaserER_Sa_0-STOCK",
            "SimGameUID": null,
            "ComponentDefType": "Weapon",
            "HardpointSlot": 0,
            "GUID": null,
            "DamageLevel": "Functional",
            "prefabName": null,
            "hasPrefabName": false
        },
        {
            "MountedLocation": "RightArm",
            "ComponentDefID": "Weapon_Laser_MediumLaserPulse_Sa_0-STOCK",
            "SimGameUID": null,
            "ComponentDefType": "Weapon",
            "HardpointSlot": 0,
            "GUID": null,
            "DamageLevel": "Functional",
            "prefabName": null,
            "hasPrefabName": false
        }
    ]
}