{
  "Description": {
    "Cost": 4210000,
    "Rarity": 5,
    "Purchasable": true,
    "Manufacturer": "",
    "Model": "",
    "UIName": "Phoenix",
    "Id": "chassisdef_phoenix_PX-4R",
    "Name": "Phoenix",
    "Details": "This variant developed in 2581 was highly anticipated, but it proved to be so unpopular that production was canceled. The decision to switch to an ammunition-fed Autocannon/10 instead of the PPC is blamed.",
    "Icon": "uixTxrIcon_phoenix"
  },
  "MovementCapDefID": "movedef_griffin_GRF-1N",
  "PathingCapDefID": "pathingdef_medium",
  "HardpointDataDefID": "hardpointdatadef_phoenix",
  "PrefabIdentifier": "chrprfmech_phoenixbase-001",
  "PrefabBase": "phoenix",
  "Tonnage": 50,
  "InitialTonnage": 23.5,
  "weightClass": "MEDIUM",
  "BattleValue": 4124000,
  "Heatsinks": 0,
  "TopSpeed": 65,
  "TurnRadius": 90,
  "MaxJumpjets": 5,
  "Stability": 130,
  "StabilityDefenses": [
    0,
    0,
    0,
    0,
    0,
    0
  ],
  "SpotterDistanceMultiplier": 1,
  "VisibilityMultiplier": 1,
  "SensorRangeMultiplier": 1,
  "Signature": 0,
  "Radius": 5,
  "PunchesWithLeftArm": true,
  "MeleeDamage": 70,
  "MeleeInstability": 50,
  "MeleeToHitModifier": 0,
  "DFADamage": 65,
  "DFAToHitModifier": 0,
  "DFASelfDamage": 65,
  "DFAInstability": 65,
  "Locations": [
    {
      "Location": "Head",
      "Hardpoints": [
        {
          "WeaponMount": "AntiPersonnel",
          "Omni": false
        }
      ],
      "Tonnage": 0,
      "InventorySlots": 1,
      "MaxArmor": 45,
      "MaxRearArmor": -1,
      "InternalStructure": 16
    },
    {
      "Location": "LeftArm",
      "Hardpoints": [],
      "Tonnage": 0,
      "InventorySlots": 8,
      "MaxArmor": 80,
      "MaxRearArmor": -1,
      "InternalStructure": 40
    },
    {
      "Location": "LeftTorso",
      "Hardpoints": [
        {
          "WeaponMount": "Missile",
          "Omni": false
        },
        {
          "WeaponMount": "Missile",
          "Omni": false
        }
      ],
      "Tonnage": 0,
      "InventorySlots": 10,
      "MaxArmor": 120,
      "MaxRearArmor": 60,
      "InternalStructure": 60
    },
    {
      "Location": "CenterTorso",
      "Hardpoints": [
        {
          "WeaponMount": "Energy",
          "Omni": false
        }
      ],
      "Tonnage": 0,
      "InventorySlots": 4,
      "MaxArmor": 160,
      "MaxRearArmor": 80,
      "InternalStructure": 80
    },
    {
      "Location": "RightTorso",
      "Hardpoints": [],
      "Tonnage": 0,
      "InventorySlots": 10,
      "MaxArmor": 120,
      "MaxRearArmor": 60,
      "InternalStructure": 60
    },
    {
      "Location": "RightArm",
      "Hardpoints": [
        {
          "WeaponMount": "Ballistic",
          "Omni": false
        }
      ],
      "Tonnage": 0,
      "InventorySlots": 8,
      "MaxArmor": 80,
      "MaxRearArmor": -1,
      "InternalStructure": 40
    },
    {
      "Location": "LeftLeg",
      "Hardpoints": [],
      "Tonnage": 0,
      "InventorySlots": 4,
      "MaxArmor": 120,
      "MaxRearArmor": -1,
      "InternalStructure": 60
    },
    {
      "Location": "RightLeg",
      "Hardpoints": [],
      "Tonnage": 0,
      "InventorySlots": 4,
      "MaxArmor": 120,
      "MaxRearArmor": -1,
      "InternalStructure": 60
    }
  ],
  "LOSSourcePositions": [
    {
      "x": 0,
      "y": 14,
      "z": 1
    },
    {
      "x": 4,
      "y": 13,
      "z": 0
    },
    {
      "x": -4,
      "y": 13,
      "z": 0
    }
  ],
  "LOSTargetPositions": [
    {
      "x": 0,
      "y": 14,
      "z": 1
    },
    {
      "x": 4,
      "y": 13,
      "z": 0
    },
    {
      "x": -4,
      "y": 13,
      "z": 0
    },
    {
      "x": 3,
      "y": 5,
      "z": 2
    },
    {
      "x": -3,
      "y": 5,
      "z": 2
    }
  ],
  "VariantName": "PX-4R",
  "ChassisTags": {
    "items": [
      "mech_quirk_nonstandardparts",
      "mech_quirk_weaklegs"
    ],
    "tagSetSourceFile": ""
  },
  "StockRole": "Skirmisher",
  "YangsThoughts": "Well, what can I say: the decision to mount an AC/10 on this 'Mech was a failure. The cannon is excellent, but too heavy for this chassis, so in order to somehow fit it, four heat sinks and one of the SRM-2 launchers were dismantled from the PX-4R, along with a ton of ammunition. However, even such a lightweight design made it possible to place only a ton of ammo for the autocannon, so in protracted battles, the 'Mech quickly turned out to be almost unarmed.",
  "FixedEquipment": []
}