{
  "Description": {
    "Cost": 3400000,
    "Rarity": 5,
    "Purchasable": true,
    "Manufacturer": "",
    "Model": "",
    "UIName": "Spector",
    "Id": "chassisdef_spector_SPR-5F",
    "Name": "Spector",
    "Details": "The Spector was originally designed by Norse-Storm BattleMechs to be a lighter version of the Exterminator BattleMech, made to hunt down light command 'Mechs. The first Spector rolled off the assembly line on 6 June, 2639, and following extensive testing the SLDF ordered 600. The Star League's enthusiasm for the Spector is due to the BattleMechs stealth capabilities, combining both Chameleon Light Polarization Shield and a Null Signature System. However, these technologies were lost during the Succession Wars and have not yet been replicated. The current incarnation of the Spector, SPR-5F, does not carry a Null Signature System nor the Chameleon LPS.",
    "Icon": "uixTxrIcon_goshawk"
  },
  "MovementCapDefID": "movedef_jenner_JR7-D",
  "PathingCapDefID": "pathingdef_heavy",
  "HardpointDataDefID": "hardpointdatadef_vaporeagle",
  "PrefabIdentifier": "chrPrfMech_vaporeagleBase-001",
  "PrefabBase": "vaporeagle",
  "Tonnage": 35,
  "InitialTonnage": 14,
  "weightClass": "LIGHT",
  "BattleValue": 3749000,
  "Heatsinks": 10,
  "TopSpeed": 85,
  "TurnRadius": 90,
  "MaxJumpjets": 7,
  "Stability": 100,
  "StabilityDefenses": [
    0,
    0,
    0,
    0,
    0,
    0
  ],
  "SpotterDistanceMultiplier": 1,
  "VisibilityMultiplier": 1,
  "SensorRangeMultiplier": 1,
  "Signature": 0,
  "Radius": 4,
  "PunchesWithLeftArm": true,
  "MeleeDamage": 50,
  "MeleeInstability": 35,
  "MeleeToHitModifier": 0,
  "DFADamage": 35,
  "DFAToHitModifier": 0,
  "DFASelfDamage": 35,
  "DFAInstability": 35,
  "Locations": [
    {
      "Location": "Head",
      "Hardpoints": [
        {
          "WeaponMount": "AntiPersonnel",
          "Omni": false
        }
      ],
      "Tonnage": 0,
      "InventorySlots": 1,
      "MaxArmor": 45,
      "MaxRearArmor": -1,
      "InternalStructure": 16
    },
    {
      "Location": "LeftArm",
      "Hardpoints": [
        {
          "WeaponMount": "Energy",
          "Omni": false
        },
        {
          "WeaponMount": "Energy",
          "Omni": false
        },
        {
          "WeaponMount": "AntiPersonnel",
          "Omni": false
        }
      ],
      "Tonnage": 0,
      "InventorySlots": 8,
      "MaxArmor": 60,
      "MaxRearArmor": -1,
      "InternalStructure": 30
    },
    {
      "Location": "LeftTorso",
      "Hardpoints": [],
      "Tonnage": 0,
      "InventorySlots": 10,
      "MaxArmor": 80,
      "MaxRearArmor": 40,
      "InternalStructure": 40
    },
    {
      "Location": "CenterTorso",
      "Hardpoints": [
        {
          "WeaponMount": "Energy",
          "Omni": false
        }
      ],
      "Tonnage": 0,
      "InventorySlots": 4,
      "MaxArmor": 110,
      "MaxRearArmor": 55,
      "InternalStructure": 55
    },
    {
      "Location": "RightTorso",
      "Hardpoints": [],
      "Tonnage": 0,
      "InventorySlots": 10,
      "MaxArmor": 80,
      "MaxRearArmor": 40,
      "InternalStructure": 40
    },
    {
      "Location": "RightArm",
      "Hardpoints": [
        {
          "WeaponMount": "Energy",
          "Omni": false
        }
      ],
      "Tonnage": 0,
      "InventorySlots": 8,
      "MaxArmor": 60,
      "MaxRearArmor": -1,
      "InternalStructure": 30
    },
    {
      "Location": "LeftLeg",
      "Hardpoints": [],
      "Tonnage": 0,
      "InventorySlots": 4,
      "MaxArmor": 80,
      "MaxRearArmor": -1,
      "InternalStructure": 40
    },
    {
      "Location": "RightLeg",
      "Hardpoints": [],
      "Tonnage": 0,
      "InventorySlots": 4,
      "MaxArmor": 80,
      "MaxRearArmor": -1,
      "InternalStructure": 40
    }
  ],
  "LOSSourcePositions": [
    {
      "x": 0.0,
      "y": 15.0,
      "z": 15.0
    },
    {
      "x": 4.0,
      "y": 14.0,
      "z": 14.0
    },
    {
      "x": -4.0,
      "y": 14.0,
      "z": 14.0
    }
  ],
  "LOSTargetPositions": [
    {
      "x": 0.0,
      "y": 15.0,
      "z": 15.0
    },
    {
      "x": 4.0,
      "y": 14.0,
      "z": 14.0
    },
    {
      "x": -4.0,
      "y": 14.0,
      "z": 14.0
    },
    {
      "x": 2.5,
      "y": 6.0,
      "z": 6.0
    },
    {
      "x": -2.5,
      "y": 6.0,
      "z": 6.0
    }
  ],
  "VariantName": "SPR-5F",
  "ChassisTags": {
    "items": [
      "mr-resize-0.75-0.75-0.75",
      "chassis_DHS",
      "chassis_endo",
      "mech_quirk_difficulttomaintain",
      "mech_quirk_rugged1"
    ],
    "tagSetSourceFile": ""
  },
  "StockRole": "Hunter-Killer & Ambusher",
  "YangsThoughts": "This is the new Spector model from Norse-Storm BattleMechs. Alas, neither the Chameleon Light Polarization Shield nor the Null Signature System have been reproduced, but the 'Mech still carries a Guardian ECM suite. The 5F version also has an Endo Steel structure, an additional small laser in the head and has one more double heatsink, so it's still a good scout and light 'Mech hunter.",
  "FixedEquipment": [
    {
      "MountedLocation": "LeftTorso",
      "ComponentDefID": "Gear_XL_Engine",
      "SimGameUID": "",
      "ComponentDefType": "Upgrade",
      "HardpointSlot": -1,
      "IsFixed": true,
      "GUID": null,
      "DamageLevel": "Functional",
      "prefabName": null,
      "hasPrefabName": false
    },
    {
      "MountedLocation": "RightTorso",
      "ComponentDefID": "Gear_XL_Engine",
      "SimGameUID": "",
      "ComponentDefType": "Upgrade",
      "HardpointSlot": -1,
      "IsFixed": true,
      "GUID": null,
      "DamageLevel": "Functional",
      "prefabName": null,
      "hasPrefabName": false
    },
    {
      "MountedLocation" : "LeftArm",
      "ComponentDefID" : "Gear_EndoSteel_3_Slot",
      "SimGameUID" : "",
      "ComponentDefType" : "Upgrade",
      "HardpointSlot" : -1,
      "IsFixed" : true,
      "GUID" : null,
      "DamageLevel" : "Functional",
      "prefabName" : null,
      "hasPrefabName" : false
    },
    {
      "MountedLocation" : "LeftTorso",
      "ComponentDefID" : "Gear_EndoSteel_2_Slot",
      "SimGameUID" : "",
      "ComponentDefType" : "Upgrade",
      "HardpointSlot" : -1,
      "IsFixed" : true,
      "GUID" : null,
      "DamageLevel" : "Functional",
      "prefabName" : null,
      "hasPrefabName" : false
    },
    {
      "MountedLocation": "LeftTorso",
      "ComponentDefID": "Gear_SensorCAC_GuardianHC",
      "SimGameUID": "",
      "ComponentDefType": "Upgrade",
      "HardpointSlot": -1,
      "IsFixed": true,
      "GUID": null,
      "DamageLevel": "Functional",
      "prefabName": null,
      "hasPrefabName": false
    },
    {
      "MountedLocation" : "CenterTorso",
      "ComponentDefID" : "Gear_EndoSteel_1_Slot",
      "SimGameUID" : "",
      "ComponentDefType" : "Upgrade",
      "HardpointSlot" : -1,
      "IsFixed" : true,
      "GUID" : null,
      "DamageLevel" : "Functional",
      "prefabName" : null,
      "hasPrefabName" : false
    },
    {
      "MountedLocation" : "RightTorso",
      "ComponentDefID" : "Gear_EndoSteel_2_Slot",
      "SimGameUID" : "",
      "ComponentDefType" : "Upgrade",
      "HardpointSlot" : -1,
      "IsFixed" : true,
      "GUID" : null,
      "DamageLevel" : "Functional",
      "prefabName" : null,
      "hasPrefabName" : false
    },
    {
      "MountedLocation" : "RightArm",
      "ComponentDefID" : "Gear_EndoSteel_3_Slot",
      "SimGameUID" : "",
      "ComponentDefType" : "Upgrade",
      "HardpointSlot" : -1,
      "IsFixed" : true,
      "GUID" : null,
      "DamageLevel" : "Functional",
      "prefabName" : null,
      "hasPrefabName" : false
    },
    {
      "MountedLocation" : "LeftLeg",
      "ComponentDefID" : "Gear_EndoSteel_1_Slot",
      "SimGameUID" : "",
      "ComponentDefType" : "Upgrade",
      "HardpointSlot" : -1,
      "IsFixed" : true,
      "GUID" : null,
      "DamageLevel" : "Functional",
      "prefabName" : null,
      "hasPrefabName" : false
    },
    {
      "MountedLocation" : "RightLeg",
      "ComponentDefID" : "Gear_EndoSteel_1_Slot",
      "SimGameUID" : "",
      "ComponentDefType" : "Upgrade",
      "HardpointSlot" : -1,
      "IsFixed" : true,
      "GUID" : null,
      "DamageLevel" : "Functional",
      "prefabName" : null,
      "hasPrefabName" : false
    }
  ]
}