{
  "Description": {
    "Cost": 10270000,
    "Rarity": 3,
    "Purchasable": true,
    "Manufacturer": "",
    "Model": "",
    "UIName": "Marauder II",
    "Id": "chassisdef_marauderII_MAD-5B",
    "Name": "Marauder II",
    "Details": "This 3050 variant carries the same weaponry as the MAD-5A model, but replaces the LB 10-X autocannon with a Gauss Rifle. To make room for this weapon, the MAD-5B only carries sixteen Double Heat Sinks.",
    "Icon": "uixTxrIcon_marauderii"
  },
  "MovementCapDefID": "movedef_marauderII_MAD-4A",
  "PathingCapDefID": "pathingdef_assault",
  "HardpointDataDefID": "hardpointdatadef_marauderii",
  "PrefabIdentifier": "chrprfmech_marauderiibase-001",
  "PrefabBase": "marauderii",
  "Tonnage": 100,
  "InitialTonnage": 35,
  "weightClass": "ASSAULT",
  "BattleValue": 10206000,
  "Heatsinks": 10,
  "TopSpeed": 50,
  "TurnRadius": 90,
  "MaxJumpjets": 3,
  "Stability": 200,
  "StabilityDefenses": [
    0,
    0,
    0,
    0,
    0,
    0
  ],
  "SpotterDistanceMultiplier": 1,
  "VisibilityMultiplier": 1,
  "SensorRangeMultiplier": 1,
  "Signature": 0,
  "Radius": 8,
  "PunchesWithLeftArm": false,
  "MeleeDamage": 125,
  "MeleeInstability": 100,
  "MeleeToHitModifier": 0,
  "DFADamage": 125,
  "DFAToHitModifier": 0,
  "DFASelfDamage": 100,
  "DFAInstability": 125,
  "Locations": [
    {
      "Location": "Head",
      "Hardpoints": [],
      "Tonnage": 0,
      "InventorySlots": 1,
      "MaxArmor": 45,
      "MaxRearArmor": -1,
      "InternalStructure": 16
    },
    {
      "Location": "LeftArm",
      "Hardpoints": [
        {
          "WeaponMount": "Energy",
          "Omni": false
        },
        {
          "WeaponMount": "Energy",
          "Omni": false
        },
        {
          "WeaponMount": "AntiPersonnel",
          "Omni": false
        }
      ],
      "Tonnage": 0,
      "InventorySlots": 8,
      "MaxArmor": 170,
      "MaxRearArmor": -1,
      "InternalStructure": 85
    },
    {
      "Location": "LeftTorso",
      "Hardpoints": [],
      "Tonnage": 0,
      "InventorySlots": 10,
      "MaxArmor": 210,
      "MaxRearArmor": 105,
      "InternalStructure": 105
    },
    {
      "Location": "CenterTorso",
      "Hardpoints": [],
      "Tonnage": 0,
      "InventorySlots": 4,
      "MaxArmor": 310,
      "MaxRearArmor": 155,
      "InternalStructure": 155
    },
    {
      "Location": "RightTorso",
      "Hardpoints": [
        {
          "WeaponMount": "Ballistic",
          "Omni": false
        },
        {
          "WeaponMount": "AntiPersonnel",
          "Omni": false
        }
      ],
      "Tonnage": 0,
      "InventorySlots": 10,
      "MaxArmor": 210,
      "MaxRearArmor": 105,
      "InternalStructure": 105
    },
    {
      "Location": "RightArm",
      "Hardpoints": [
        {
          "WeaponMount": "Energy",
          "Omni": false
        },
        {
          "WeaponMount": "Energy",
          "Omni": false
        },
        {
          "WeaponMount": "AntiPersonnel",
          "Omni": false
        }
      ],
      "Tonnage": 0,
      "InventorySlots": 8,
      "MaxArmor": 170,
      "MaxRearArmor": -1,
      "InternalStructure": 85
    },
    {
      "Location": "LeftLeg",
      "Hardpoints": [],
      "Tonnage": 0,
      "InventorySlots": 4,
      "MaxArmor": 210,
      "MaxRearArmor": -1,
      "InternalStructure": 105
    },
    {
      "Location": "RightLeg",
      "Hardpoints": [],
      "Tonnage": 0,
      "InventorySlots": 4,
      "MaxArmor": 210,
      "MaxRearArmor": -1,
      "InternalStructure": 105
    }
  ],
  "LOSSourcePositions": [
    {
      "x": 0,
      "y": 18,
      "z": 1
    },
    {
      "x": 4,
      "y": 16,
      "z": 0
    },
    {
      "x": -4,
      "y": 16,
      "z": 0
    }
  ],
  "LOSTargetPositions": [
    {
      "x": 0,
      "y": 18,
      "z": 1
    },
    {
      "x": 4,
      "y": 16,
      "z": 0
    },
    {
      "x": -4,
      "y": 16,
      "z": 0
    },
    {
      "x": 3,
      "y": 6,
      "z": 0
    },
    {
      "x": -3,
      "y": 6,
      "z": 0
    }
  ],
  "VariantName": "MAD-5B",
  "ChassisTags": {
    "items": [
      "chassis_DHS",
      "mech_quirk_commandmech",
      "mech_quirk_hyperextendingactuators",
      "mech_quirk_narrowlowprofile"
    ],
    "tagSetSourceFile": ""
  },
  "StockRole": "Sniper & Ranged Assault",
  "YangsThoughts": "Another Helm-Tech upgrade to the regular Marauder II. A Gauss Rifle with three tons of ammunition was installed instead of the Large Laser, and both PPCs, as in the MAD-5A, were replaced with extended-range models. However, the XL engine wasn't used for the 5B - the tonnage for heavy ballistic weapons was freed due to the use of double heat sinks. What can I say? Really rugged 'Mech and a great sniper!"
    "FixedEquipment" : []
}